rating,title,text,images,asin,parent_asin,user_id,timestamp,helpful_vote,verified_purchase,date,year,month,clean_text,input_text,prob_neg,prob_neu,prob_pos,sentiment_score,sentiment_label,is_silent_killer
4.0,Four Stars,Pretty cool!!!<br /><br />Thanks Amazon.,[],B00ZV9RDKK,B075X8471B,AEM663T6XHZFWLODF4US2RCOCUSA,1509491262120,0,True,2017-10-31 23:07:42.120,2017,2017-10,Pretty cool!!! Thanks Amazon.,Pretty cool!!! Thanks Amazon.,0.0038107408,0.009244601,0.9869446,0.98313385,positive,False
5.0,Five Stars,We love it,[],B00ZV9RDKK,B075X8471B,AEJDETWITK2KGACH7FUBMY33PPSQ,1519939757127,0,True,2018-03-01 21:29:17.127,2018,2018-03,We love it,We love it,0.0063280454,0.041660182,0.95201176,0.9456837,positive,False
5.0,AWESOME and simple to set up,"i have hemmed and hawed for quite a while  about  a Fire Stick or a Roku ......do i, dont i, do i dont i ........i barely watch TV and my TV in the room where i spend most of my time in has only one HDMI port .. so i finally got it on prime day for only 20 bucks and put it on my bedroom TV .. the thing is when im watching TV i fall asleep !!!  but it was SIMPLE to set up and  i only downloaded a few apps so far  like Netflix, Youtube and FB  HAHA  .. i already pay enough for cable  so now i gotta figure out is it worth it to dump cable and get hulu or sling i dont want to lose the channels i have now though  I have to investigate as to what hulu and sling actually offer as far as channels go  and of course the reg channels  cuz then if that's the case i'd buy another Fire Stick for my other 2 TVS and toss the cable bill !",[],B00ZV9RDKK,B075X8471B,AHGAOIZVODNHYMNCBV4DECZH42UQ,1532476996921,0,True,2018-07-25 00:03:16.921,2018,2018-07,"i have hemmed and hawed for quite a while about a Fire Stick or a Roku ......do i, dont i, do i dont i ........i barely watch TV and my TV in the room where i spend most of my time in has only one HDMI port .. so i finally got it on prime day for only 20 bucks and put it on my bedroom TV .. the thing is when im watching TV i fall asleep !!! but it was SIMPLE to set up and i only downloaded a few apps so far like Netflix, Youtube and FB HAHA .. i already pay enough for cable so now i gotta figure out is it worth it to dump cable and get hulu or sling i dont want to lose the channels i have now though I have to investigate as to what hulu and sling actually offer as far as channels go and of course the reg channels cuz then if that's the case i'd buy another Fire Stick for my other 2 TVS and toss the cable bill !","i have hemmed and hawed for quite a while about a Fire Stick or a Roku ......do i, dont i, do i dont i ........i barely watch TV and my TV in the room where i spend most of my time in has only one HDMI port .. so i finally got it on prime day for only 20 bucks and put it on my bedroom TV .. the thing is when im watching TV i fall asleep !!! but it was SIMPLE to set up and i only downloaded a few apps so far like Netflix, Youtube and FB",0.18702301,0.6486918,0.16428518,-0.02273783,neutral,True
4.0,Fire Stick Works great but can interfere with TV antenna if you're using one,"Oct 2017 Review Update:  Amazon has done a great job updating the Fire Stick software, and all of my complaints from my initial review have been fixed.  The Menus and Voice Interface are intuitive, easy to use, and do what you'd expect.",[],B00ZV9RDKK,B075X8471B,AEDHXXX2F66EMWOSSPCQHS62UKNQ,1482384682000,1,True,2016-12-22 05:31:22.000,2016,2016-12,"Oct 2017 Review Update: Amazon has done a great job updating the Fire Stick software, and all of my complaints from my initial review have been fixed. The Menus and Voice Interface are intuitive, easy to use, and do what you'd expect.","Oct 2017 Review Update: Amazon has done a great job updating the Fire Stick software, and all of my complaints from my initial review have been fixed. The Menus and Voice Interface are intuitive, easy to use, and do what you'd expect.",0.0074035455,0.04004836,0.9525481,0.94514453,positive,False
5.0,Would absolutely buy again for another tv,"Love love love. Used to have Google Chromecast, this is 100x better quality and easier to use.",[],B00ZV9RDKK,B075X8471B,AH2CJIKJPIIRDG264ZWX2UUQN5SQ,1522244290750,0,True,2018-03-28 13:38:10.750,2018,2018-03,"Love love love. Used to have Google Chromecast, this is 100x better quality and easier to use.","Love love love. Used to have Google Chromecast, this is 100x better quality and easier to use.",0.00811982,0.024695339,0.96718484,0.959065,positive,False
5.0,Easy to setup,I love this product!,[],B00ZV9RDKK,B075X8471B,AGJY4LG74YJEJBVWIPIMIZ464ELA,1537322362789,0,True,2018-09-19 01:59:22.789,2018,2018-09,I love this product!,I love this product!,0.0046563386,0.010539179,0.9848045,0.9801482,positive,False
2.0,Sporadic and unreliable.,Works when it feels like it.,[],B00ZV9RDKK,B075X8471B,AFPBTK4XMHY7YEPVLM7LWU4WL4WQ,1580452123296,0,True,2020-01-31 06:28:43.296,2020,2020-01,Works when it feels like it.,Works when it feels like it.,0.01635818,0.319878,0.6637639,0.6474057,positive,False
5.0,best investment in years,"since I'm already a prime member, and I'm willing to pay a little fee every month for Netflix as well, we're hardly watching any network television but also aren't paying ridiculous fees for 101 channels we never watch.  more than enough good and intelligent and fun content to keep me well occupied on those long winter evenings.",[],B00ZV9RDKK,B075X8471B,AGDCD2ZNYMDZAVQKQ3RZ56LJTRVQ,1547331673894,0,True,2019-01-12 22:21:13.894,2019,2019-01,"since I'm already a prime member, and I'm willing to pay a little fee every month for Netflix as well, we're hardly watching any network television but also aren't paying ridiculous fees for 101 channels we never watch. more than enough good and intelligent and fun content to keep me well occupied on those long winter evenings.","since I'm already a prime member, and I'm willing to pay a little fee every month for Netflix as well, we're hardly watching any network television but also aren't paying ridiculous fees for 101 channels we never watch. more than enough good and intelligent and fun content to keep me well occupied on those long winter evenings.",0.021294165,0.179885,0.79882085,0.7775267,positive,False
2.0,"Alexa - ""I can't do that from Fire TV"" Garbage Product","Maybe it's just me as an older guy, but I really wasn't expecting this. Unlike ANY remote I've ever used. NO control over TV volume, mute, 'back', numbers for channel, etc. Nope, this thing (streaming) is NOT intuitive to use, freezes, pixelates, is slow to change channels, and is a pain to use. &#34;Alexa&#34; has more of &#34;I cannot do that for_____ reason&#34; than it has use. Alexa listens to me about as well as an old deaf dog! Useless 80% of the time. If I'd have known all this I would have probably gone with an antenna and free, over-the-air TV viewing. I hate this thing and &#34;help&#34; is a matter of luck with no humans involved. I have to have my 16 y.o. grandson help with some things. Get ready to carry a bunch of remotes and such (Fire control, TV remote and cordless phone if you carry that around). I really, really don't like this POS!",[],B00ZV9RDKK,B075X8471B,AHU2Y2ZFQKI3V3ARFDKZA6ER4NUQ,1532876804570,0,True,2018-07-29 15:06:44.570,2018,2018-07,"Maybe it's just me as an older guy, but I really wasn't expecting this. Unlike ANY remote I've ever used. NO control over TV volume, mute, 'back', numbers for channel, etc. Nope, this thing (streaming) is NOT intuitive to use, freezes, pixelates, is slow to change channels, and is a pain to use. &#34;Alexa&#34; has more of &#34;I cannot do that for_____ reason&#34; than it has use. Alexa listens to me about as well as an old deaf dog! Useless 80% of the time. If I'd have known all this I would have probably gone with an antenna and free, over-the-air TV viewing. I hate this thing and &#34;help&#34; is a matter of luck with no humans involved. I have to have my 16 y.o. grandson help with some things. Get ready to carry a bunch of remotes and such (Fire control, TV remote and cordless phone if you carry that around). I really, really don't like this POS!","Maybe it's just me as an older guy, but I really wasn't expecting this. Unlike ANY remote I've ever used. NO control over TV volume, mute, 'back', numbers for channel, etc. Nope, this thing (streaming) is NOT intuitive to use, freezes, pixelates, is slow to change channels, and is a pain to use. &#34;Alexa&#34; has more of &#34;I cannot do that for_____ reason&#34; than it has use. Alexa listens to me about as well as an old deaf dog! Useless 80% of the time. If I'd have known all this I would have probably gone with an antenna and free,",0.89255154,0.09506058,0.01238791,-0.8801636,negative,False
5.0,Love my Stick,Easy to install and download apps.,[],B00ZV9RDKK,B075X8471B,AERD2GHAB5VZHTHUVMVAYUHL4CYA,1494716560000,0,True,2017-05-13 23:02:40.000,2017,2017-05,Easy to install and download apps.,Easy to install and download apps.,0.0087210005,0.1862221,0.80505687,0.7963359,positive,False
5.0,Everyone needs this!!!!,"More than happy with this! Has saved me so much money and have no further need for high, and continuously raising cable or satellite bills!! I went from having to either hook my computer up to my tv to watch my Amazon or Netflix account to having both right where I need them without needing to buy an expensive new &#34;Smart TV&#34; as this makes any TV smart!!!",[],B00ZV9RDKK,B075X8471B,AFOASAW4HQGTIGDN6LSM4EDEN3XQ,1486064359000,0,True,2017-02-02 19:39:19.000,2017,2017-02,"More than happy with this! Has saved me so much money and have no further need for high, and continuously raising cable or satellite bills!! I went from having to either hook my computer up to my tv to watch my Amazon or Netflix account to having both right where I need them without needing to buy an expensive new &#34;Smart TV&#34; as this makes any TV smart!!!","More than happy with this! Has saved me so much money and have no further need for high, and continuously raising cable or satellite bills!! I went from having to either hook my computer up to my tv to watch my Amazon or Netflix account to having both right where I need them without needing to buy an expensive new &#34;Smart TV&#34; as this makes any TV smart!!!",0.01437408,0.052755114,0.93287086,0.9184968,positive,False
5.0,Cut your Cable,So easy. Watching TV is an adventure now!!,[],B00ZV9RDKK,B075X8471B,AENOQPZF7HQERNM3TNR2UQUE7RBA,1523554198709,0,True,2018-04-12 17:29:58.709,2018,2018-04,So easy. Watching TV is an adventure now!!,So easy. Watching TV is an adventure now!!,0.0040205605,0.05683016,0.93914926,0.9351287,positive,False
5.0,An Amazing Device!! Get yours now!,"I have one of these in every room with a TV. I bought the same for my 80+ year old parents and they love the ease of using it as well. With the voice command, it's dummy-proof! Great shows on Prime and no monthly fees. PERFECT!",[],B00ZV9RDKK,B075X8471B,AHC4YDJ5WS3MDCNSKMJTOZRKZWPA,1554221201260,0,True,2019-04-02 16:06:41.260,2019,2019-04,"I have one of these in every room with a TV. I bought the same for my 80+ year old parents and they love the ease of using it as well. With the voice command, it's dummy-proof! Great shows on Prime and no monthly fees. PERFECT!","I have one of these in every room with a TV. I bought the same for my 80+ year old parents and they love the ease of using it as well. With the voice command, it's dummy-proof! Great shows on Prime and no monthly fees. PERFECT!",0.004132973,0.021160377,0.97470665,0.97057366,positive,False
3.0,Three Stars,"The Fire Stick works fine but the Roku has more features, like volume control.",[],B00ZV9RDKK,B075X8471B,AHI6KSEBLTLT2BWU4VXQ5UIO6XXQ,1519915730617,0,True,2018-03-01 14:48:50.617,2018,2018-03,"The Fire Stick works fine but the Roku has more features, like volume control.","The Fire Stick works fine but the Roku has more features, like volume control.",0.013762269,0.35320237,0.63303536,0.61927307,positive,False
5.0,Great item!,Love this. I can get so much with the Firestick.,[],B00ZV9RDKK,B075X8471B,AHNY7NZJAHZLQ7LZ72RRCCJRSORQ,1532892777771,0,True,2018-07-29 19:32:57.771,2018,2018-07,Love this. I can get so much with the Firestick.,Love this. I can get so much with the Firestick.,0.0034147124,0.0116134435,0.9849718,0.98155713,positive,False
1.0,WASTE OF MONEY! DO NOT DO IT!,"I am ready to throw this thing away. In the middle of watching shows, it completely stops working. I can sometimes disconnect and reconnect to the internet, (keep in mind, I have great internet service, and everything else linked to the internet is still working fine) but most times, I have to completely unplug the device so it can reset. I would NOT recommend anyone wasting their money on this garbage. I do not know if I got a crappy stick, or if they just suck in general. I do know one thing! Money WASTED! Can someone fix this issue?!",[],B00ZV9RDKK,B075X8471B,AFQRTCWQB3YBSWSLN6VK574R266Q,1553819364233,0,True,2019-03-29 00:29:24.233,2019,2019-03,"I am ready to throw this thing away. In the middle of watching shows, it completely stops working. I can sometimes disconnect and reconnect to the internet, (keep in mind, I have great internet service, and everything else linked to the internet is still working fine) but most times, I have to completely unplug the device so it can reset. I would NOT recommend anyone wasting their money on this garbage. I do not know if I got a crappy stick, or if they just suck in general. I do know one thing! Money WASTED! Can someone fix this issue?!","I am ready to throw this thing away. In the middle of watching shows, it completely stops working. I can sometimes disconnect and reconnect to the internet, (keep in mind, I have great internet service, and everything else linked to the internet is still working fine) but most times, I have to completely unplug the device so it can reset. I would NOT recommend anyone wasting their money on this garbage. I do not know if I got a crappy stick, or if they just suck in general. I do know one thing! Money WASTED! Can someone fix this issue?!",0.88558865,0.09293705,0.021474274,-0.86411434,negative,False
4.0,Good,I like that i can play my netflix on my tv with it but i'm still learning to work it. I like it so far.,[],B00ZV9RDKK,B075X8471B,AFYMNMPJ7TCETT3PK55JBS57I6DQ,1501600552211,0,True,2017-08-01 15:15:52.211,2017,2017-08,I like that i can play my netflix on my tv with it but i'm still learning to work it. I like it so far.,I like that i can play my netflix on my tv with it but i'm still learning to work it. I like it so far.,0.0041415887,0.068099394,0.92775905,0.9236175,positive,False
5.0,... day two of using it but I’m already so happy I finally decided to buy it,Only day two of using it but I’m already so happy I finally decided to buy it!,[],B00ZV9RDKK,B075X8471B,AEHNBWGO4HDWTBVNQQEZTJ37VRNA,1508730156972,0,True,2017-10-23 03:42:36.972,2017,2017-10,Only day two of using it but I’m already so happy I finally decided to buy it!,Only day two of using it but I’m already so happy I finally decided to buy it!,0.0028731208,0.012538904,0.98458797,0.98171484,positive,False
5.0,Great fire stick plus you can use Alexa!,Great little device to help streaming TV.  Even works well with DirecTV Now!,[],B00ZV9RDKK,B075X8471B,AHRJTQYC7J4SSMIEVP35PLQOKUSA,1485824111000,0,True,2017-01-31 00:55:11.000,2017,2017-01,Great little device to help streaming TV. Even works well with DirecTV Now!,Great little device to help streaming TV. Even works well with DirecTV Now!,0.0014798706,0.014677985,0.98384213,0.9823623,positive,False
5.0,Great Gift,Me and my family love it!,[],B00ZV9RDKK,B075X8471B,AEN6TFIVX635GNHMXJNMJOA56JWA,1484686078000,0,True,2017-01-17 20:47:58.000,2017,2017-01,Me and my family love it!,Me and my family love it!,0.0026504518,0.010049113,0.98730046,0.98465,positive,False
5.0,Its great,I love this. It does everything I needed it to and more. After reading reviews I did as instructed and couldn't be happier.,[],B00ZV9RDKK,B075X8471B,AHYWYS3ZCNA62VY2WPFMHZXYBU6Q,1511106156713,0,True,2017-11-19 15:42:36.713,2017,2017-11,I love this. It does everything I needed it to and more. After reading reviews I did as instructed and couldn't be happier.,I love this. It does everything I needed it to and more. After reading reviews I did as instructed and couldn't be happier.,0.004727983,0.009474858,0.9857971,0.98106915,positive,False
5.0,Easy to use,Easy to use. No issues as compared to earlier version with odd refresh rates and TV OS compatibility issues. I'm happy.,[],B00ZV9RDKK,B075X8471B,AEX2PWSLCKDKELBZ4FMOOWR4PVAA,1478037765000,0,True,2016-11-01 22:02:45.000,2016,2016-11,Easy to use. No issues as compared to earlier version with odd refresh rates and TV OS compatibility issues. I'm happy.,Easy to use. No issues as compared to earlier version with odd refresh rates and TV OS compatibility issues. I'm happy.,0.021802029,0.12421653,0.8539814,0.83217937,positive,False
4.0,Four Stars,works very well,[],B00ZV9RDKK,B075X8471B,AHDCJCKC5ECOHFMIOJOUG6NRHO6A,1529275426488,0,True,2018-06-17 22:43:46.488,2018,2018-06,works very well,works very well,0.005532418,0.0325198,0.9619478,0.95641536,positive,False
2.0,Is so so,"Not to pleased. You have to pay for almost every thing you want to watch or have a subscription to a cable company , what is the ise of thos if you have to have cable",[],B00ZV9RDKK,B075X8471B,AFZSZZURRC4XKKBIBHSIQFLXCOFQ,1523809943104,0,False,2018-04-15 16:32:23.104,2018,2018-04,"Not to pleased. You have to pay for almost every thing you want to watch or have a subscription to a cable company , what is the ise of thos if you have to have cable","Not to pleased. You have to pay for almost every thing you want to watch or have a subscription to a cable company , what is the ise of thos if you have to have cable",0.8038523,0.18139364,0.014754089,-0.7890982,negative,False
5.0,Works great with older tv's (not smart),"We have 2 tv's that are not smart and it works great.  Good streaming.  Sometimes it buffers, but not for long and I have some favorite shows I now watch with Amazon Prime.  It is much better than watching on my phone.",[],B00ZV9RDKK,B075X8471B,AGVQJFWTGNXNOKM6BOGYN7RB3OPA,1607651839021,0,True,2020-12-11 01:57:19.021,2020,2020-12,"We have 2 tv's that are not smart and it works great. Good streaming. Sometimes it buffers, but not for long and I have some favorite shows I now watch with Amazon Prime. It is much better than watching on my phone.","We have 2 tv's that are not smart and it works great. Good streaming. Sometimes it buffers, but not for long and I have some favorite shows I now watch with Amazon Prime. It is much better than watching on my phone.",0.013329111,0.0788904,0.90778047,0.8944514,positive,False
5.0,... a tv remote in guest bedroom and this is perfect!,needed a tv remote in guest bedroom and this is perfect!,[],B00ZV9RDKK,B075X8471B,AEC75WKIIIK4LDQFKNOKWNFZUYJA,1489429765000,0,True,2017-03-13 18:29:25.000,2017,2017-03,needed a tv remote in guest bedroom and this is perfect!,needed a tv remote in guest bedroom and this is perfect!,0.0047425474,0.03196675,0.9632907,0.9585481,positive,False
5.0,Stick,Fire stick at a good price,[],B00ZV9RDKK,B075X8471B,AGIYSA62BZULHNSJTMPAT5IC3MLQ,1547092553260,0,True,2019-01-10 03:55:53.260,2019,2019-01,Fire stick at a good price,Fire stick at a good price,0.012698258,0.2518676,0.7354342,0.72273594,positive,False
5.0,Love it. I now have my prime videos,"Love it. I now have my prime videos, along with Netflix and Hulu, that I can watch on my HD TV. Easy set up.",[],B00ZV9RDKK,B075X8471B,AHVWQG7IKAFZGIF7DUGCKCEOZCXA,1479188727000,0,True,2016-11-15 05:45:27.000,2016,2016-11,"Love it. I now have my prime videos, along with Netflix and Hulu, that I can watch on my HD TV. Easy set up.","Love it. I now have my prime videos, along with Netflix and Hulu, that I can watch on my HD TV. Easy set up.",0.0024286117,0.028547551,0.9690239,0.9665953,positive,False
4.0,Fire this baby up now!,"I was pleasantly surprised by the selection of shows, movies, and music...although I was just notified that the Youtube app would not be available anymore :-(  I bought this device with a gift card. Best $35 spent. Cut my Uverse account and saved a bunch of money since I don't watch a lot of tv. And I can get Starz if I want it. The only thing I don't care for is the simplicity of the remote. I wish it was a little more like a TV remote.",[],B00ZV9RDKK,B075X8471B,AHXCQOFWZ3ECKEWOLGLYH7TFBB6A,1515724531308,0,True,2018-01-12 02:35:31.308,2018,2018-01,"I was pleasantly surprised by the selection of shows, movies, and music...although I was just notified that the Youtube app would not be available anymore :-( I bought this device with a gift card. Best $35 spent. Cut my Uverse account and saved a bunch of money since I don't watch a lot of tv. And I can get Starz if I want it. The only thing I don't care for is the simplicity of the remote. I wish it was a little more like a TV remote.","I was pleasantly surprised by the selection of shows, movies, and music...although I was just notified that the Youtube app would not be available anymore :-( I bought this device with a gift card. Best $35 spent. Cut my Uverse account and saved a bunch of money since I don't watch a lot of tv. And I can get Starz if I want it. The only thing I don't care for is the simplicity of the remote. I wish it was a little more like a TV remote.",0.056621302,0.12119818,0.82218057,0.76555926,positive,False
5.0,Five Stars,Love it,[],B00ZV9RDKK,B075X8471B,AHKMQQJ4WQ42244ELUBC3DGX4WFQ,1490137270000,0,True,2017-03-21 23:01:10.000,2017,2017-03,Love it,Love it,0.016990202,0.09766407,0.8853457,0.8683555,positive,False
2.0,Amazing tv,Works great but this is the 2nd one I purchased in 3years.  Very upset.  Should last longer.,[],B00ZV9RDKK,B075X8471B,AEDT5Z6LY542U76ZVXKUM6FRMYGA,1553813581683,0,True,2019-03-28 22:53:01.683,2019,2019-03,Works great but this is the 2nd one I purchased in 3years. Very upset. Should last longer.,Works great but this is the 2nd one I purchased in 3years. Very upset. Should last longer.,0.86179584,0.1113353,0.026868833,-0.834927,negative,False
5.0,Love it!,Boycott the cable company!!!<br />The Firestick is wonderful!!!,[],B00ZV9RDKK,B075X8471B,AG2NA34LO2SM6CKTQGNQ532ULCSQ,1487040739000,0,True,2017-02-14 02:52:19.000,2017,2017-02,Boycott the cable company!!! The Firestick is wonderful!!!,Boycott the cable company!!! The Firestick is wonderful!!!,0.059590295,0.08548287,0.8549268,0.79533654,positive,False
5.0,"Works great, who needs direct","Works great , who needs direct tv",[],B00ZV9RDKK,B075X8471B,AG2BU3TJUGVR2Y4XCX2O5WEBG23A,1490550315000,0,True,2017-03-26 17:45:15.000,2017,2017-03,"Works great , who needs direct tv","Works great , who needs direct tv",0.014028853,0.07842002,0.90755117,0.8935223,positive,False
5.0,best buy for sure !!!,"very much pleased, great value, works well",[],B00ZV9RDKK,B075X8471B,AHSWBB6FZBEA7W7PMSO4L5SC7ERQ,1519666316793,0,True,2018-02-26 17:31:56.793,2018,2018-02,"very much pleased, great value, works well","very much pleased, great value, works well",0.004916527,0.009971689,0.9851118,0.9801952,positive,False
5.0,I love it. Easy to install and use,I love it. Easy to install and use. Love the fact it is linked to so many things - Hulu etc. Already have all my favorite shows and channels programed.,[],B00ZV9RDKK,B075X8471B,AFF3J6PFYN23ZX4EV7QE4BN4EZIA,1507520633002,0,True,2017-10-09 03:43:53.002,2017,2017-10,I love it. Easy to install and use. Love the fact it is linked to so many things - Hulu etc. Already have all my favorite shows and channels programed.,I love it. Easy to install and use. Love the fact it is linked to so many things - Hulu etc. Already have all my favorite shows and channels programed.,0.002982583,0.014638133,0.98237926,0.9793967,positive,False
5.0,Happy old girl!,"I think it's great! I don't know anything about electronics, so I was afraid I'd be wasting my money. Then I read how easy it was to install, I thought, ok, can always give it as a gift. Well, I'm now able to watch all kinds of shows and movies! In fact, I'm going to turn my 86.00 cable into a 30.00 cable bill. Thanks so much!!",[],B00ZV9RDKK,B075X8471B,AFWOUY2WMZQFKEPFDVN67N54WNDQ,1481513758000,0,True,2016-12-12 03:35:58.000,2016,2016-12,"I think it's great! I don't know anything about electronics, so I was afraid I'd be wasting my money. Then I read how easy it was to install, I thought, ok, can always give it as a gift. Well, I'm now able to watch all kinds of shows and movies! In fact, I'm going to turn my 86.00 cable into a 30.00 cable bill. Thanks so much!!","I think it's great! I don't know anything about electronics, so I was afraid I'd be wasting my money. Then I read how easy it was to install, I thought, ok, can always give it as a gift. Well, I'm now able to watch all kinds of shows and movies! In fact, I'm going to turn my 86.00 cable into a 30.00 cable bill. Thanks so much!!",0.029744154,0.082930796,0.88732505,0.8575809,positive,False
5.0,Great cable cutter,I loved that it gave me live tv with directv now. I however wish the voice remote worked better for navigating while using this service. Most times using voice either doesnt work or causes the stick to go to my prime account for searching tv on amazon. Other than that it works awesome. Best product i bought from amazon in many years.,[],B00ZV9RDKK,B075X8471B,AE7PRA7LB6HPC4DUZWAL36W65UBQ,1532063465565,0,True,2018-07-20 05:11:05.565,2018,2018-07,I loved that it gave me live tv with directv now. I however wish the voice remote worked better for navigating while using this service. Most times using voice either doesnt work or causes the stick to go to my prime account for searching tv on amazon. Other than that it works awesome. Best product i bought from amazon in many years.,I loved that it gave me live tv with directv now. I however wish the voice remote worked better for navigating while using this service. Most times using voice either doesnt work or causes the stick to go to my prime account for searching tv on amazon. Other than that it works awesome. Best product i bought from amazon in many years.,0.009282222,0.041966137,0.9487517,0.93946946,positive,False
5.0,"Once installed, it is very easy to use.",This is terrific so far.  It took someone that knew how to install on the tv.  I would never have been able to do it.,[],B00ZV9RDKK,B075X8471B,AHE4UY7O6D5J3ASEH2E66NJ3JAPQ,1516979067388,0,True,2018-01-26 15:04:27.388,2018,2018-01,This is terrific so far. It took someone that knew how to install on the tv. I would never have been able to do it.,This is terrific so far. It took someone that knew how to install on the tv. I would never have been able to do it.,0.013118912,0.03485755,0.95202357,0.93890464,positive,False
5.0,So far so good. I had an older version of the Amazon ...,So far so good.  I had an older version of the Amazon Fire TV stick that stopped working not long after it was installed.  I hope this on lasts longer.,[],B00ZV9RDKK,B075X8471B,AGKSSNLDIG5HY5FXYVE6UVXKVDYQ,1477840378000,0,True,2016-10-30 15:12:58.000,2016,2016-10,So far so good. I had an older version of the Amazon Fire TV stick that stopped working not long after it was installed. I hope this on lasts longer.,So far so good. I had an older version of the Amazon Fire TV stick that stopped working not long after it was installed. I hope this on lasts longer.,0.031418055,0.15581955,0.81276244,0.7813444,positive,False
5.0,Fantastic,Great product. Works very well. I recommend getting one.,[],B00ZV9RDKK,B075X8471B,AECXUX4CMPAJGNENGFOHPYCRB3EA,1532867144726,0,True,2018-07-29 12:25:44.726,2018,2018-07,Great product. Works very well. I recommend getting one.,Great product. Works very well. I recommend getting one.,0.004757687,0.011222511,0.98401976,0.97926205,positive,False
5.0,Awesome,Amazing product. When linked with the proper add ons this is an amazing entertainment platform,[],B00ZV9RDKK,B075X8471B,AHXVNIJ7TEV5TYWTV5KUVZWE4ESA,1502905596553,0,True,2017-08-16 17:46:36.553,2017,2017-08,Amazing product. When linked with the proper add ons this is an amazing entertainment platform,Amazing product. When linked with the proper add ons this is an amazing entertainment platform,0.0032466673,0.009925437,0.98682785,0.9835812,positive,False
5.0,Works like it is supposed to.,"Works great,  I have 3 of these.",[],B00ZV9RDKK,B075X8471B,AGBC6QL4KQQPGU3B5TN6BPZNVT6Q,1532652491966,0,True,2018-07-27 00:48:11.966,2018,2018-07,"Works great, I have 3 of these.","Works great, I have 3 of these.",0.0029072957,0.011012641,0.9860801,0.98317283,positive,False
5.0,So far so good,Well my nephew installed it for me and I love it.so far so good. ....,[],B00ZV9RDKK,B075X8471B,AHVZ5DAFBNQRU3JE6OXUOCXFSM6A,1494782543000,0,True,2017-05-14 17:22:23.000,2017,2017-05,Well my nephew installed it for me and I love it.so far so good. ....,Well my nephew installed it for me and I love it.so far so good. ....,0.0027846699,0.012243169,0.9849722,0.9821875,positive,False
4.0,Works fine.,Product good.  Ticked that the price dropped $20 within a week after my purchase.,[],B00ZV9RDKK,B075X8471B,AG6K2WLPXCRUL24DHHFXACBYLOBA,1547943645864,0,True,2019-01-20 00:20:45.864,2019,2019-01,Product good. Ticked that the price dropped $20 within a week after my purchase.,Product good. Ticked that the price dropped $20 within a week after my purchase.,0.062030382,0.19983499,0.7381346,0.67610425,positive,False
2.0,"Sending back. More costly than cable, or dish",Very costly. You have to pay for each app.,[],B00ZV9RDKK,B075X8471B,AG4SPO7PKPFSNR43I7WGVITRPXYA,1497731007718,0,True,2017-06-17 20:23:27.718,2017,2017-06,Very costly. You have to pay for each app.,Very costly. You have to pay for each app.,0.8149777,0.17120585,0.013816401,-0.8011613,negative,False
5.0,Five Stars,I absolutely love it!! It was easy to install and the remote is easy to use. Great value!!,[],B00ZV9RDKK,B075X8471B,AG5GIO67ESN327DMWJHWXG3EL5QA,1519928835392,0,True,2018-03-01 18:27:15.392,2018,2018-03,I absolutely love it!! It was easy to install and the remote is easy to use. Great value!!,I absolutely love it!! It was easy to install and the remote is easy to use. Great value!!,0.0033036282,0.0066011883,0.99009514,0.9867915,positive,False
5.0,Getting what I want,Great product,[],B00ZV9RDKK,B075X8471B,AGWT2JKKZFMS3PUJA2AYDDYB7A6A,1568158903161,0,True,2019-09-10 23:41:43.161,2019,2019-09,Great product,Great product,0.00960183,0.040750183,0.94964796,0.94004613,positive,False
5.0,Five Stars,"Love my fire tv stick, great shows and not as costly as cable.",[],B00ZV9RDKK,B075X8471B,AEGXTRLTLQ576C5RWOSWZHAZC3VQ,1530800915123,0,True,2018-07-05 14:28:35.123,2018,2018-07,"Love my fire tv stick, great shows and not as costly as cable.","Love my fire tv stick, great shows and not as costly as cable.",0.004253306,0.015454483,0.98029214,0.9760388,positive,False
1.0,Save your money.,"We have owned this product for 14 months and it began to die about 3 months ago.  It would sporadically not reapond to the Fire remote.  We’d unplug and restart it, it’d work for a few days.  Then it stopped responding to the fire remote completely, only responding to our universal remote.  Then it sporadically wouldn’t respond to ANY remote, we’d unplug it, it’s work for anywhere from a few minutes to a few days.  Now we are to the point that we have to unplug it and reset it every time it “sleeps” (aka if we walk away from the tv for more than 2 minutes).",[],B00ZV9RDKK,B075X8471B,AGPAUTMCNQ2HSHK7C4QSFFB5ZHMQ,1557283349703,0,True,2019-05-08 02:42:29.703,2019,2019-05,"We have owned this product for 14 months and it began to die about 3 months ago. It would sporadically not reapond to the Fire remote. We’d unplug and restart it, it’d work for a few days. Then it stopped responding to the fire remote completely, only responding to our universal remote. Then it sporadically wouldn’t respond to ANY remote, we’d unplug it, it’s work for anywhere from a few minutes to a few days. Now we are to the point that we have to unplug it and reset it every time it “sleeps” (aka if we walk away from the tv for more than 2 minutes).","We have owned this product for 14 months and it began to die about 3 months ago. It would sporadically not reapond to the Fire remote. We’d unplug and restart it, it’d work for a few days. Then it stopped responding to the fire remote completely, only responding to our universal remote. Then it sporadically wouldn’t respond to ANY remote, we’d unplug it, it’s work for anywhere from a few minutes to a few days. Now we are to the point that we have to unplug it and reset it every time it “sleeps” (aka if we walk away from",0.72711104,0.2568928,0.015996167,-0.7111149,negative,False
5.0,Five Stars,Just what I needed.,[],B00ZV9RDKK,B075X8471B,AHO4HTR4OZLKGWILXGPKW3ATXQQQ,1490313709000,0,True,2017-03-24 00:01:49.000,2017,2017-03,Just what I needed.,Just what I needed.,0.006798009,0.02613716,0.96706486,0.9602668,positive,False
4.0,Cool product- wish it was easier to navigate,"A little challenging to nagivate the different apps and set up the stick, but still a cool product. Glad we tried it and would recommend!",[],B00ZV9RDKK,B075X8471B,AHTX7RVI3UUEM3ZYAOSV7POOYZBA,1486697529000,0,True,2017-02-10 03:32:09.000,2017,2017-02,"A little challenging to nagivate the different apps and set up the stick, but still a cool product. Glad we tried it and would recommend!","A little challenging to nagivate the different apps and set up the stick, but still a cool product. Glad we tried it and would recommend!",0.0055742078,0.02644043,0.9679854,0.96241117,positive,False
5.0,Five Stars,Love this gadget,[],B00ZV9RDKK,B075X8471B,AF4GS256H5NKD2OUSKPJOSTNT43A,1492012369000,0,True,2017-04-12 15:52:49.000,2017,2017-04,Love this gadget,Love this gadget,0.008276087,0.034697622,0.95702624,0.94875014,positive,False
5.0,Amazing Value,"The best deal going.  There are SO MANY TV shows, documentaries and movies of all genres.  Well worth the money.  I got rid of all but basic cable.  It is fabulous!  Took a bit to install, but understand others who got it after me say install was seamless.",[],B00ZV9RDKK,B075X8471B,AHEA35JHOPGT4O7VUSCTJ7XHG2WA,1493503049000,0,True,2017-04-29 21:57:29.000,2017,2017-04,"The best deal going. There are SO MANY TV shows, documentaries and movies of all genres. Well worth the money. I got rid of all but basic cable. It is fabulous! Took a bit to install, but understand others who got it after me say install was seamless.","The best deal going. There are SO MANY TV shows, documentaries and movies of all genres. Well worth the money. I got rid of all but basic cable. It is fabulous! Took a bit to install, but understand others who got it after me say install was seamless.",0.006274309,0.01893617,0.97478956,0.9685153,positive,False
4.0,"Cut the cord now - working with HULU, DirectTV Now, HBO GO and more","This is our second Fire Stick. Our first one is a first generation unit and we have it on the guest room tv now - it still works fine. We cut the cable cord completely six months ago and went totally to streaming. We added this new Fire Stick for the master bedroom and a Roku Express for the living room.<br /><br />I love being able to link our Fire Sticks to Alexa. We have a Dot in the guest room and the original Echo in the master bedroom controlling both Fire Sticks. This one also works on verbal commands through the remote, but you have to think about what you ask for if you have several streaming services. We have Prime, Netflix, Hulu, HBO Go and DirectTV Now (still saving $165 a month over cable!) and Alexa can find a specific show, but perhaps not on the channel you wanted.<br /><br />Comparing the Fire Stick and the Roku Express is pretty simple. The layout for the two is completely different and I actually think the Roku is easier to sort through and find stuff. It feels less cluttered actually. I do appreciate the full integration of the Fire Stick with my other devices through our Amazon account - I can pick up a show on Prime with my tablet, phone or tv exactly where I left off. Regardless of which streaming stick we use, we're still incredibly happy we dumped the cable.",[],B00ZV9RDKK,B075X8471B,AHPOHKN4PU4W3V5PGFL7AGTAD2AA,1519588050500,0,True,2018-02-25 19:47:30.500,2018,2018-02,"This is our second Fire Stick. Our first one is a first generation unit and we have it on the guest room tv now - it still works fine. We cut the cable cord completely six months ago and went totally to streaming. We added this new Fire Stick for the master bedroom and a Roku Express for the living room. I love being able to link our Fire Sticks to Alexa. We have a Dot in the guest room and the original Echo in the master bedroom controlling both Fire Sticks. This one also works on verbal commands through the remote, but you have to think about what you ask for if you have several streaming services. We have Prime, Netflix, Hulu, HBO Go and DirectTV Now (still saving $165 a month over cable!) and Alexa can find a specific show, but perhaps not on the channel you wanted. Comparing the Fire Stick and the Roku Express is pretty simple. The layout for the two is completely different and I actually think the Roku is easier to sort through and find stuff. It feels less cluttered actually. I do appreciate the full integration of the Fire Stick with my other devices through our Amazon account - I can pick up a show on Prime with my tablet, phone or tv exactly where I left off. Regardless of which streaming stick we use, we're still incredibly happy we dumped the cable.",This is our second Fire Stick. Our first one is a first generation unit and we have it on the guest room tv now - it still works fine. We cut the cable cord completely six months ago and went totally to streaming. We added this new Fire Stick for the master bedroom and a Roku Express for the living room. I love being able to link our Fire Sticks to Alexa. We have a Dot in the guest room and the original Echo in the master bedroom controlling both Fire Sticks. This one also works on verbal commands through,0.003658924,0.15411325,0.8422279,0.8385689,positive,False
5.0,I believe the most important thing to understand is how to shut off the fire stick,I love Amazon Fire stick everything in one place there's so much to watch I don't know what to watch next. The only downside is I don't know how to turn off the fire stick.,[],B00ZV9RDKK,B075X8471B,AE5NJ373RYNSSYEROFQ6YMKJ6XWA,1516915842878,0,True,2018-01-25 21:30:42.878,2018,2018-01,I love Amazon Fire stick everything in one place there's so much to watch I don't know what to watch next. The only downside is I don't know how to turn off the fire stick.,I love Amazon Fire stick everything in one place there's so much to watch I don't know what to watch next. The only downside is I don't know how to turn off the fire stick.,0.030635402,0.09268376,0.8766808,0.8460454,positive,False
4.0,Easy to use,I liked it. It's easy to use.,[],B00ZV9RDKK,B075X8471B,AGZVEI6AXWO4JBOVJC3HEBKRO72Q,1537394913194,0,True,2018-09-19 22:08:33.194,2018,2018-09,I liked it. It's easy to use.,I liked it. It's easy to use.,0.0044973674,0.024105042,0.97139764,0.9669003,positive,False
1.0,Your being ripped off,Great concept but once you stop all the subscriptions your stick doesn't work anymore.,[],B00ZV9RDKK,B075X8471B,AEO3VJMVDDXN7YBGJ56EL76ZMJNA,1543237224600,0,True,2018-11-26 13:00:24.600,2018,2018-11,Great concept but once you stop all the subscriptions your stick doesn't work anymore.,Great concept but once you stop all the subscriptions your stick doesn't work anymore.,0.3343647,0.40554935,0.26008594,-0.07427877,neutral,False
5.0,Five Stars,Great Gizmo,[],B00ZV9RDKK,B075X8471B,AGHQT3DXTUR3CK6FT36XA54GIOJA,1529625999512,0,True,2018-06-22 00:06:39.512,2018,2018-06,Great Gizmo,Great Gizmo,0.0053947303,0.031229913,0.96337533,0.9579806,positive,False
5.0,Get one. Its great,Love it,[],B00ZV9RDKK,B075X8471B,AH5N3DZ2SJRF2G4H4KLLGGUCTQRQ,1506446353455,0,True,2017-09-26 17:19:13.455,2017,2017-09,Love it,Love it,0.016990202,0.09766407,0.8853457,0.8683555,positive,False
5.0,We love the fire stick,We love the fire stick. Kids use it all the time we don’t have cable anymore and get a lot more with the fire stick. I would recommend buying one,[],B00ZV9RDKK,B075X8471B,AEOYZXB5WVEL7WO2YOZD7IPZJRGQ,1519868613508,0,True,2018-03-01 01:43:33.508,2018,2018-03,We love the fire stick. Kids use it all the time we don’t have cable anymore and get a lot more with the fire stick. I would recommend buying one,We love the fire stick. Kids use it all the time we don’t have cable anymore and get a lot more with the fire stick. I would recommend buying one,0.0050935126,0.02433437,0.9705721,0.9654786,positive,False
5.0,Really great,"The firestick is a great buy. After purchasing my first, I have gone on to purchase three more (one for each room). Bonus: you can download an app to use your phone as a remote. Pretty cool!",[],B00ZV9RDKK,B075X8471B,AFK5XTHV2ULQWS7P6OKQO6WESLSA,1528494805849,0,True,2018-06-08 21:53:25.849,2018,2018-06,"The firestick is a great buy. After purchasing my first, I have gone on to purchase three more (one for each room). Bonus: you can download an app to use your phone as a remote. Pretty cool!","The firestick is a great buy. After purchasing my first, I have gone on to purchase three more (one for each room). Bonus: you can download an app to use your phone as a remote. Pretty cool!",0.0020554608,0.011121983,0.9868226,0.98476714,positive,False
5.0,Fast shipping! Great product! Will buy again!,Fast shipping! Great product! Will buy again!,[],B00ZV9RDKK,B075X8471B,AEKZ5DFCAVOVXRJZN3UB4QCETYDA,1546560649152,0,True,2019-01-04 00:10:49.152,2019,2019-01,Fast shipping! Great product! Will buy again!,Fast shipping! Great product! Will buy again!,0.00425946,0.00932781,0.98641276,0.9821533,positive,False
5.0,Five Stars,Is what I was looking for.,[],B00ZV9RDKK,B075X8471B,AGOBVBLJKHFAC7BKAVXU6RLC2NSQ,1495942723000,0,True,2017-05-28 03:38:43.000,2017,2017-05,Is what I was looking for.,Is what I was looking for.,0.035761207,0.4589351,0.5053037,0.46954247,positive,False
5.0,Turns an older tv into a smart tv,"This was on sale for $25, so I could not pass up this deal. It provides access to a wide range of apps and accessing programs via the Alexa enabled remote it quick and easy. I really like it!",[],B00ZV9RDKK,B075X8471B,AHKZUTJMNGUWX3K2WSZZTPLMZSGQ,1551984945145,0,True,2019-03-07 18:55:45.145,2019,2019-03,"This was on sale for $25, so I could not pass up this deal. It provides access to a wide range of apps and accessing programs via the Alexa enabled remote it quick and easy. I really like it!","This was on sale for $25, so I could not pass up this deal. It provides access to a wide range of apps and accessing programs via the Alexa enabled remote it quick and easy. I really like it!",0.0025909133,0.013580032,0.9838291,0.9812382,positive,False
5.0,Prime way to get Prime movies!,"I have used the Amazon Fire stick many, many times at my daughter's as she has three of them. I fell in love with the access and ease of watching series, movies, YouTube, listening to music and accessing Hulu, Netflix and others all with one little easily installed stick and remote.",[],B00ZV9RDKK,B075X8471B,AH6N7V4FCNXIWYGS5KS5AQNQDNBA,1515596761290,0,True,2018-01-10 15:06:01.290,2018,2018-01,"I have used the Amazon Fire stick many, many times at my daughter's as she has three of them. I fell in love with the access and ease of watching series, movies, YouTube, listening to music and accessing Hulu, Netflix and others all with one little easily installed stick and remote.","I have used the Amazon Fire stick many, many times at my daughter's as she has three of them. I fell in love with the access and ease of watching series, movies, YouTube, listening to music and accessing Hulu, Netflix and others all with one little easily installed stick and remote.",0.0026004692,0.035547327,0.96185213,0.95925164,positive,False
5.0,Five Stars,"Love voice activation, very easy to use. Love it in general.  Wish all remotes had voice activation.",[],B00ZV9RDKK,B075X8471B,AH5YCTGZHOJVMF2YWUQBJF5JF4ZQ,1505754642087,0,True,2017-09-18 17:10:42.087,2017,2017-09,"Love voice activation, very easy to use. Love it in general. Wish all remotes had voice activation.","Love voice activation, very easy to use. Love it in general. Wish all remotes had voice activation.",0.0040224837,0.011613355,0.9843642,0.98034173,positive,False
5.0,Five Stars,This is one of the best things I've purchased in a long time.,[],B00ZV9RDKK,B075X8471B,AGDYWNMBU2JD4LUK22J5CL4R35JA,1481042437000,0,True,2016-12-06 16:40:37.000,2016,2016-12,This is one of the best things I've purchased in a long time.,This is one of the best things I've purchased in a long time.,0.006086834,0.009032038,0.98488116,0.97879434,positive,False
5.0,Great item,Love it!  I do wish it were somewhat larger. It is hard to hold on to.,[],B00ZV9RDKK,B075X8471B,AFPTZFYFJBWQUASWGDWSOVW6PILQ,1484162681000,0,True,2017-01-11 19:24:41.000,2017,2017-01,Love it! I do wish it were somewhat larger. It is hard to hold on to.,Love it! I do wish it were somewhat larger. It is hard to hold on to.,0.012363843,0.047782443,0.9398537,0.9274899,positive,False
5.0,Works great!!,bye bye Cable...I added Kodi to it...Should've gotten this years ago...... Works great!!!,[],B00ZV9RDKK,B075X8471B,AF3CF75XTVXWKOUAOZCOWVVFQBBQ,1491500191000,0,True,2017-04-06 17:36:31.000,2017,2017-04,bye bye Cable...I added Kodi to it...Should've gotten this years ago...... Works great!!!,bye bye Cable...I added Kodi to it...Should've gotten this years ago...... Works great!!!,0.011598541,0.05212611,0.93627536,0.92467684,positive,False
4.0,Four Stars,Works just like the one that came with the fire stick.,[],B00ZV9RDKK,B075X8471B,AHN4U4STIMGNA5Y5MFYS74FV3AQQ,1532535098344,0,True,2018-07-25 16:11:38.344,2018,2018-07,Works just like the one that came with the fire stick.,Works just like the one that came with the fire stick.,0.012753334,0.55095536,0.4362913,0.42353797,neutral,False
5.0,Very Happy with Purchase,Love this little gadget.  Puts all your apps together and your ability to watch great shows anywhere.  Will take it with me next week to Costa Rica to enjoy watching movies in the room when the eventual storm happens since we will be there during the rainy season.  Actually plan to take it on most of my travel from now on.  Great purchase,[],B00ZV9RDKK,B075X8471B,AEQX3ITA2K2YAEURDQAHRB6CGAMQ,1500825937277,0,True,2017-07-23 16:05:37.277,2017,2017-07,Love this little gadget. Puts all your apps together and your ability to watch great shows anywhere. Will take it with me next week to Costa Rica to enjoy watching movies in the room when the eventual storm happens since we will be there during the rainy season. Actually plan to take it on most of my travel from now on. Great purchase,Love this little gadget. Puts all your apps together and your ability to watch great shows anywhere. Will take it with me next week to Costa Rica to enjoy watching movies in the room when the eventual storm happens since we will be there during the rainy season. Actually plan to take it on most of my travel from now on. Great purchase,0.0025096808,0.022467684,0.9750226,0.97251296,positive,False
5.0,Five Stars,Awesome,[],B00ZV9RDKK,B075X8471B,AFXKCIHLZSEYIV62E7ISF2LZDPCA,1512613891956,0,True,2017-12-07 02:31:31.956,2017,2017-12,Awesome,Awesome,0.016513253,0.07348467,0.91000205,0.8934888,positive,False
5.0,Rynha,Pictures are crisp sound is good love this product it was worth the price and wait. I'm going to buy one for every room.,[],B00ZV9RDKK,B075X8471B,AH5G7XAAWPMSGANBMPMSPFZSMI3Q,1494270024000,0,True,2017-05-08 19:00:24.000,2017,2017-05,Pictures are crisp sound is good love this product it was worth the price and wait. I'm going to buy one for every room.,Pictures are crisp sound is good love this product it was worth the price and wait. I'm going to buy one for every room.,0.0044523147,0.020365471,0.9751822,0.9707299,positive,False
1.0,Only came with 5. 6gb full capacity. Actually ...,Only came with 5.6gb full capacity. Actually lower than the Fire Stick. I think I got a lemon as they are advertised to have 8gb,[],B00ZV9RDKK,B075X8471B,AFHUJNOFFEUHACDQGVKSN2SVUVCA,1503679481347,1,True,2017-08-25 16:44:41.347,2017,2017-08,Only came with 5.6gb full capacity. Actually lower than the Fire Stick. I think I got a lemon as they are advertised to have 8gb,Only came with 5.6gb full capacity. Actually lower than the Fire Stick. I think I got a lemon as they are advertised to have 8gb,0.4888529,0.45845214,0.052694995,-0.43615788,negative,False
5.0,"Works great, but now I’m seeing purchase on channels that ...","Works great, but now I’m seeing purchase on channels that originally said to download it cuz “I owned it”. I’m gonna have to keep an eye on my charges to make sure I’m not payying extra to use it for each channel I watch. I know there’s some, like Netflix I will have to be a member, but there’s others like PBS, NBC, etc that should be free,",[],B00ZV9RDKK,B075X8471B,AHDNFF54PDYVAYGSUTK7HWSKUD5Q,1514832692731,0,True,2018-01-01 18:51:32.731,2018,2018-01,"Works great, but now I’m seeing purchase on channels that originally said to download it cuz “I owned it”. I’m gonna have to keep an eye on my charges to make sure I’m not payying extra to use it for each channel I watch. I know there’s some, like Netflix I will have to be a member, but there’s others like PBS, NBC, etc that should be free,","Works great, but now I’m seeing purchase on channels that originally said to download it cuz “I owned it”. I’m gonna have to keep an eye on my charges to make sure I’m not payying extra to use it for each channel I watch. I know there’s some, like Netflix I will have to be a member, but there’s others like PBS, NBC, etc that should be free,",0.38464892,0.4658641,0.14948702,-0.2351619,neutral,True
5.0,Five Stars,Easy to install,[],B00ZV9RDKK,B075X8471B,AGYP6H6443ATLTTCQT7DO6QOHLVQ,1526987605378,0,True,2018-05-22 11:13:25.378,2018,2018-05,Easy to install,Easy to install,0.025413254,0.20784701,0.7667397,0.74132645,positive,False
5.0,You will never regret buying this...,"Awesome product!  I’m an Apple lover/owner but decided to try the fire stick as it was on sale.  I got it for a TV in a room I don’t use much, was just looking for something to get by with.  I got that and more.  The cable service I use allows me to stream content I pay for on other devices.  This racks up high on my scale of “great purchases.”",[],B00ZV9RDKK,B075X8471B,AFFXFMYZYPSOSXSLI644RHQANHIA,1527202544037,0,True,2018-05-24 22:55:44.037,2018,2018-05,"Awesome product! I’m an Apple lover/owner but decided to try the fire stick as it was on sale. I got it for a TV in a room I don’t use much, was just looking for something to get by with. I got that and more. The cable service I use allows me to stream content I pay for on other devices. This racks up high on my scale of “great purchases.”","Awesome product! I’m an Apple lover/owner but decided to try the fire stick as it was on sale. I got it for a TV in a room I don’t use much, was just looking for something to get by with. I got that and more. The cable service I use allows me to stream content I pay for on other devices. This racks up high on my scale of “great purchases.”",0.0046064276,0.022724148,0.97266936,0.96806294,positive,False
1.0,Broken,Remote broke and is no longer functional,"[{'small_image_url': 'https://images-na.ssl-images-amazon.com/images/I/61YC6z68NNL._SL256_.jpg', 'medium_image_url': 'https://images-na.ssl-images-amazon.com/images/I/61YC6z68NNL._SL800_.jpg', 'large_image_url': 'https://images-na.ssl-images-amazon.com/images/I/61YC6z68NNL.jpg', 'attachment_type': 'IMAGE'}]",B00ZV9RDKK,B075X8471B,AFKAM7SN26KC7ZGO4H2EXRKUPXHA,1591413582166,0,True,2020-06-06 03:19:42.166,2020,2020-06,Remote broke and is no longer functional,Remote broke and is no longer functional,0.8092596,0.17396818,0.016772158,-0.79248744,negative,False
2.0,2 Stars,After one year mine just died. It was good for just one year. No guarantee. Just died. You also have to purchase those special channels like Hulu etc. donut be fooled. I had Showtime. My stick just stopped. I contacted Amazon. They suggested I reboot but after that I still have a dead fire stick,[],B00ZV9RDKK,B075X8471B,AGOHVW36I4ZG6B7WUO54NYW54CMQ,1498498484618,0,True,2017-06-26 17:34:44.618,2017,2017-06,After one year mine just died. It was good for just one year. No guarantee. Just died. You also have to purchase those special channels like Hulu etc. donut be fooled. I had Showtime. My stick just stopped. I contacted Amazon. They suggested I reboot but after that I still have a dead fire stick,After one year mine just died. It was good for just one year. No guarantee. Just died. You also have to purchase those special channels like Hulu etc. donut be fooled. I had Showtime. My stick just stopped. I contacted Amazon. They suggested I reboot but after that I still have a dead fire stick,0.75806326,0.2193233,0.022613507,-0.73544973,negative,False
5.0,Better than Roku!!,"This is my 2nd FireTV device. I also have a Roku stick. The FireTV stick receives my wifi signal much better than the Roku. I have two TV's in the opposite end of the house from my Nighthawk router. One has the Roku stick, the other has the FireTV stick. Roku is quite noticeably slower. I'm sold on Amazon's FireTV!",[],B00ZV9RDKK,B075X8471B,AHSMGLJ2RGC2JZ3A6O7AQZ5WNTJA,1481146718000,0,True,2016-12-07 21:38:38.000,2016,2016-12,"This is my 2nd FireTV device. I also have a Roku stick. The FireTV stick receives my wifi signal much better than the Roku. I have two TV's in the opposite end of the house from my Nighthawk router. One has the Roku stick, the other has the FireTV stick. Roku is quite noticeably slower. I'm sold on Amazon's FireTV!","This is my 2nd FireTV device. I also have a Roku stick. The FireTV stick receives my wifi signal much better than the Roku. I have two TV's in the opposite end of the house from my Nighthawk router. One has the Roku stick, the other has the FireTV stick. Roku is quite noticeably slower. I'm sold on Amazon's FireTV!",0.009221331,0.1931592,0.7976194,0.7883981,positive,False
5.0,Amazon Firestick - Money Well Spent,So easy to set up even my less than tech savvy husband did it in no time flat. Having so many programs and movies available 24/7 means we are never lacking in something to watch.,[],B00ZV9RDKK,B075X8471B,AF2WLGEB2VDEQVKPTD5CTQGIVCJA,1502410124641,1,True,2017-08-11 00:08:44.641,2017,2017-08,So easy to set up even my less than tech savvy husband did it in no time flat. Having so many programs and movies available 24/7 means we are never lacking in something to watch.,So easy to set up even my less than tech savvy husband did it in no time flat. Having so many programs and movies available 24/7 means we are never lacking in something to watch.,0.008486292,0.08106905,0.9104447,0.9019584,positive,False
4.0,Once I did get it set up I've been happy with the device and think it is a great ...,Setting these type devices up may be easier for folks who grew up with computers but I always find it challenging. Once I did get it set up I've been happy with the device and think it is a great value.,[],B00ZV9RDKK,B075X8471B,AEDGZXSNLBKDKGE2DPXNYK6YJNCA,1484090610000,0,True,2017-01-10 23:23:30.000,2017,2017-01,Setting these type devices up may be easier for folks who grew up with computers but I always find it challenging. Once I did get it set up I've been happy with the device and think it is a great value.,Setting these type devices up may be easier for folks who grew up with computers but I always find it challenging. Once I did get it set up I've been happy with the device and think it is a great value.,0.077386335,0.34349233,0.5791213,0.501735,positive,False
5.0,Quality product,More to see,[],B00ZV9RDKK,B075X8471B,AH4OU5OJ5EI6E4QY2BE6NAZSACRA,1553441651338,0,True,2019-03-24 15:34:11.338,2019,2019-03,More to see,More to see,0.009677563,0.13920592,0.85111654,0.84143895,positive,False
5.0,Love my fire stick,"Works really well I had the first gen one, and then upgraded to this. Works great!",[],B00ZV9RDKK,B075X8471B,AEXYTYK6MNT6K2KUWQYYEXSX2BLQ,1522983532366,0,False,2018-04-06 02:58:52.366,2018,2018-04,"Works really well I had the first gen one, and then upgraded to this. Works great!","Works really well I had the first gen one, and then upgraded to this. Works great!",0.0032752627,0.011986933,0.9847378,0.98146254,positive,False
5.0,Good value,I really like the fire tv stick. Not as intuitive as I would like but I figured it out.,[],B00ZV9RDKK,B075X8471B,AEFVBWRAHQKA4JFT5L35P7FOQFKA,1559927933280,0,True,2019-06-07 17:18:53.280,2019,2019-06,I really like the fire tv stick. Not as intuitive as I would like but I figured it out.,I really like the fire tv stick. Not as intuitive as I would like but I figured it out.,0.0052145594,0.0350951,0.95969033,0.95447576,positive,False
5.0,Five Stars,It's amazing,[],B00ZV9RDKK,B075X8471B,AHDDL5YTCQD64HSCZ3KXZQECH34Q,1490925987000,0,True,2017-03-31 02:06:27.000,2017,2017-03,It's amazing,It's amazing,0.010096489,0.03481095,0.9550926,0.9449961,positive,False
5.0,Five Stars,The best investment I've made in years!,[],B00ZV9RDKK,B075X8471B,AEGUQHHE45MNUSMHPY22WIGFQV7A,1488414738000,0,False,2017-03-02 00:32:18.000,2017,2017-03,The best investment I've made in years!,The best investment I've made in years!,0.004592676,0.011488376,0.98391896,0.9793263,positive,False
4.0,No Live TV,"Well I'm disappointed that it doesn't help view Live TV, but other than that it's pretty good.",[],B00ZV9RDKK,B075X8471B,AE24FFSUQHE3J6NYBICB7V2WHUAA,1504372105371,0,True,2017-09-02 17:08:25.371,2017,2017-09,"Well I'm disappointed that it doesn't help view Live TV, but other than that it's pretty good.","Well I'm disappointed that it doesn't help view Live TV, but other than that it's pretty good.",0.5334872,0.28558764,0.18092513,-0.35256207,negative,True
5.0,Great buy,I really like the firestick its better to have one the to not have one,[],B00ZV9RDKK,B075X8471B,AEYJUV55NAZE2E34EEN2VAM52N6A,1500314735549,0,True,2017-07-17 18:05:35.549,2017,2017-07,I really like the firestick its better to have one the to not have one,I really like the firestick its better to have one the to not have one,0.007077862,0.031345785,0.9615763,0.9544984,positive,False
3.0,Unsure,Would love to see streaming movies not cam overall its ok.,[],B00ZV9RDKK,B075X8471B,AEYHREX6IMMWOW7IMWGKUNTS7LLA,1488330579000,0,True,2017-03-01 01:09:39.000,2017,2017-03,Would love to see streaming movies not cam overall its ok.,Would love to see streaming movies not cam overall its ok.,0.05856541,0.47001612,0.4714184,0.412853,positive,False
5.0,Great Improvement Over Previous Generation Fire Stick,"Works very well for Netflix and Amazon Prime Video.  With the Alexa feature, simply tell it to play whatever music you would like to hear which will play through your television.  Much more responsive than the previous generation FireStick- a great improvement.  You ask Alexa about the weather and not only get a voice narrative but a visual for your local weather or any city that you specify.",[],B00ZV9RDKK,B075X8471B,AF6R3LIPXBFWYQ4LORVCRLABXEYQ,1512060660551,1,True,2017-11-30 16:51:00.551,2017,2017-11,"Works very well for Netflix and Amazon Prime Video. With the Alexa feature, simply tell it to play whatever music you would like to hear which will play through your television. Much more responsive than the previous generation FireStick- a great improvement. You ask Alexa about the weather and not only get a voice narrative but a visual for your local weather or any city that you specify.","Works very well for Netflix and Amazon Prime Video. With the Alexa feature, simply tell it to play whatever music you would like to hear which will play through your television. Much more responsive than the previous generation FireStick- a great improvement. You ask Alexa about the weather and not only get a voice narrative but a visual for your local weather or any city that you specify.",0.0030756972,0.056815833,0.94010854,0.9370328,positive,False
5.0,Five Stars,Works well,[],B00ZV9RDKK,B075X8471B,AGPT7SXUIHDFUOFU5TZQOTQTK3EA,1532436228115,0,True,2018-07-24 12:43:48.115,2018,2018-07,Works well,Works well,0.0124977445,0.118833184,0.8686691,0.85617137,positive,False
5.0,easy and fun,easy and fun..much variety to watch whenever you like it. I do not use it with alexa at all... can't sync them,[],B00ZV9RDKK,B075X8471B,AHJBOGEHVXMWMLGQHTZKJQ2YYJ7Q,1520729428853,0,True,2018-03-11 00:50:28.853,2018,2018-03,easy and fun..much variety to watch whenever you like it. I do not use it with alexa at all... can't sync them,easy and fun..much variety to watch whenever you like it. I do not use it with alexa at all... can't sync them,0.11191,0.31037104,0.577719,0.465809,positive,False
5.0,It works great and provides access to all your amazon prime shows ...,This is our second fire tv stick.  It works great and provides access to all your amazon prime shows as well as Hulu and Netflix!  The first one still works great - just added to another TV.,[],B00ZV9RDKK,B075X8471B,AH27RWOTDZF5IW3Y55N6KGXC62QQ,1532580348790,0,True,2018-07-26 04:45:48.790,2018,2018-07,This is our second fire tv stick. It works great and provides access to all your amazon prime shows as well as Hulu and Netflix! The first one still works great - just added to another TV.,This is our second fire tv stick. It works great and provides access to all your amazon prime shows as well as Hulu and Netflix! The first one still works great - just added to another TV.,0.0015361068,0.017209612,0.9812542,0.9797181,positive,False
5.0,Five Stars,great product would buy it again..,[],B00ZV9RDKK,B075X8471B,AEASTKSRTMBQSHCDJ63LJLVA67HQ,1485607134000,0,True,2017-01-28 12:38:54.000,2017,2017-01,great product would buy it again..,great product would buy it again..,0.0059366277,0.017589984,0.97647333,0.9705367,positive,False
5.0,This fire TV stick is by far the best investment i have made,"This fire TV stick is by far the best investment i have made! I love it. it not only gives my the best movies, but also gives me the shows that i use to watch as a kid!! I have recommended it to all my friends!!",[],B00ZV9RDKK,B075X8471B,AGTQH5QWSC5VGT5VR4JRPFP76PTA,1526568145675,0,True,2018-05-17 14:42:25.675,2018,2018-05,"This fire TV stick is by far the best investment i have made! I love it. it not only gives my the best movies, but also gives me the shows that i use to watch as a kid!! I have recommended it to all my friends!!","This fire TV stick is by far the best investment i have made! I love it. it not only gives my the best movies, but also gives me the shows that i use to watch as a kid!! I have recommended it to all my friends!!",0.0037168479,0.009202506,0.98708063,0.9833638,positive,False
5.0,My smart TVs interface was terrible compared to Fire TV Stick,"why didn't I get it sooner? My smart TVs interface was terrible compared to Fire TV Stick.<br />Alexa works great. If you don't have one, just get it!",[],B00ZV9RDKK,B075X8471B,AG74UBNIMG7VQFOG36DS42E66JHA,1526414412543,0,True,2018-05-15 20:00:12.543,2018,2018-05,"why didn't I get it sooner? My smart TVs interface was terrible compared to Fire TV Stick. Alexa works great. If you don't have one, just get it!","why didn't I get it sooner? My smart TVs interface was terrible compared to Fire TV Stick. Alexa works great. If you don't have one, just get it!",0.36162874,0.25586748,0.38250378,0.020875037,positive,True
5.0,This was a nice little upgrade,"Decided to give this a try since our home is already filled with other Alexa devices. This was replacing a Roku, for which we've owned a couple of devices and had been using for years. This was a nice little upgrade. It's completely hidden behind the TV, will assume is only using power when the TV is on, voice control, and had a better remote in my opinion. Price was reasonable and to my knowledge has never required a reboot in the couple months we've owned it.",[],B00ZV9RDKK,B075X8471B,AHTTELRUQDQJXIKXLSGOZEBKNGQA,1511015043748,1,True,2017-11-18 14:24:03.748,2017,2017-11,"Decided to give this a try since our home is already filled with other Alexa devices. This was replacing a Roku, for which we've owned a couple of devices and had been using for years. This was a nice little upgrade. It's completely hidden behind the TV, will assume is only using power when the TV is on, voice control, and had a better remote in my opinion. Price was reasonable and to my knowledge has never required a reboot in the couple months we've owned it.","Decided to give this a try since our home is already filled with other Alexa devices. This was replacing a Roku, for which we've owned a couple of devices and had been using for years. This was a nice little upgrade. It's completely hidden behind the TV, will assume is only using power when the TV is on, voice control, and had a better remote in my opinion. Price was reasonable and to my knowledge has never required a reboot in the couple months we've owned it.",0.014800341,0.20256962,0.7826301,0.7678297,positive,False
4.0,Being holding up for over two years,"Works great for our house. Remote falls apart daily since purchase but always works. Wish it was better made but for the price it’s oh wells, not a big deal  Had this set up for about 2 years and works great.",[],B00ZV9RDKK,B075X8471B,AEY7KTVUE2J7IKGZLRTFU36EASXQ,1571606715406,0,True,2019-10-20 21:25:15.406,2019,2019-10,"Works great for our house. Remote falls apart daily since purchase but always works. Wish it was better made but for the price it’s oh wells, not a big deal Had this set up for about 2 years and works great.","Works great for our house. Remote falls apart daily since purchase but always works. Wish it was better made but for the price it’s oh wells, not a big deal Had this set up for about 2 years and works great.",0.021155775,0.08035512,0.8984891,0.87733334,positive,False
5.0,Five Stars,We are really enjoying our Firestick and all the programming it brings to our home!,[],B00ZV9RDKK,B075X8471B,AFXTYFZL6HOGIGS4GQK4CUAC5VFA,1515530457376,0,True,2018-01-09 20:40:57.376,2018,2018-01,We are really enjoying our Firestick and all the programming it brings to our home!,We are really enjoying our Firestick and all the programming it brings to our home!,0.0015537062,0.0104231415,0.98802316,0.98646945,positive,False
5.0,Five Stars,Works fine.,[],B00ZV9RDKK,B075X8471B,AFCZPONBVGEUBOL47623SWDXWESQ,1479320655000,0,True,2016-11-16 18:24:15.000,2016,2016-11,Works fine.,Works fine.,0.0346727,0.32305866,0.6422686,0.6075959,positive,False
4.0,Glitchy after year and a half,"Worked great when we got it. July 2018. Now Dec 2019.... It is going in and out. No idea how long these should last, but this doesn't seem right.",[],B00ZV9RDKK,B075X8471B,AHQPOGY3MYFD6M3SECYQIQIMVEZQ,1575212083366,0,True,2019-12-01 14:54:43.366,2019,2019-12,"Worked great when we got it. July 2018. Now Dec 2019.... It is going in and out. No idea how long these should last, but this doesn't seem right.","Worked great when we got it. July 2018. Now Dec 2019.... It is going in and out. No idea how long these should last, but this doesn't seem right.",0.6487298,0.2680653,0.08320489,-0.56552494,negative,True
5.0,Great price,Great product,[],B00ZV9RDKK,B075X8471B,AHXWW3XZCT6RVBFQBLADSY33ZS7Q,1543404444419,0,True,2018-11-28 11:27:24.419,2018,2018-11,Great product,Great product,0.00960183,0.040750183,0.94964796,0.94004613,positive,False
5.0,Easy to program,Love the stick,[],B00ZV9RDKK,B075X8471B,AEQKT7OEQSDA2XRFFBGVJSDSJ76Q,1548622426189,0,True,2019-01-27 20:53:46.189,2019,2019-01,Love the stick,Love the stick,0.014966972,0.078465275,0.9065677,0.8916007,positive,False
3.0,Works well for most things but I am hugely disappointed that the Youtube application is no longer available,Works well for most things but I am hugely disappointed that the Youtube application is no longer available... after I bought THREE of these!,[],B00ZV9RDKK,B075X8471B,AHSFFUC6ZWWKRBCKYWFFDRCT5J6Q,1523310556538,0,True,2018-04-09 21:49:16.538,2018,2018-04,Works well for most things but I am hugely disappointed that the Youtube application is no longer available... after I bought THREE of these!,Works well for most things but I am hugely disappointed that the Youtube application is no longer available... after I bought THREE of these!,0.8312535,0.1367717,0.031974744,-0.7992788,negative,False
5.0,I use it less now because of a smart tv having all I need,Firestick with alexa works well. I use it less now because of a smart tv having all I need. Best for travel!,[],B00ZV9RDKK,B075X8471B,AGJ2XOMFM7UHQGQO7X322X73HDYA,1523930690660,0,True,2018-04-17 02:04:50.660,2018,2018-04,Firestick with alexa works well. I use it less now because of a smart tv having all I need. Best for travel!,Firestick with alexa works well. I use it less now because of a smart tv having all I need. Best for travel!,0.006895784,0.06446415,0.92864007,0.9217443,positive,False
5.0,Love my fire stick,Product worked like advertised and was worth every penny,[],B00ZV9RDKK,B075X8471B,AHFI5CF4C7HIURETZRKIVSWO55GQ,1579669169112,0,True,2020-01-22 04:59:29.112,2020,2020-01,Product worked like advertised and was worth every penny,Product worked like advertised and was worth every penny,0.006847636,0.030774055,0.9623783,0.9555307,positive,False
2.0,I am returning mine to the store,"It pushes their own pay content even if you do not have Amazon Prime. As in there is Prime stuff on the main screen even when you do not have Prime which is odd. It is geared toward Prime people.<br />I am probably going to return mine to the store. What I do like about it is It is fast (faster than my Roku 1 which has refused to update) and has an internet browser app called Silk which I only got when I did a system re-install. Which was odd.<br />There are banner ads for products right on the home screen like for cereal. And I do not eat cereal so that is also odd being I have been an Amazon customer over 10 plus years since and you would think they know this being they have tons of my info.<br />and they do not show you what are free shows. With the Smart Tv Amazon app and Roku Amazon Apps? They have a &#34;Prime&#34; labe banner across the shows which means it is a free show. But...they do not have this and I read this was done on purpose. So, it literally is like click-bait I believe to make you click-click-click on shows and if you like the show that is a pay one then they hope you will...pay!<br />It literally can take hours to find the free ones. This is shady and not user friendly.<br />It visually reminds me of the Amazon app. So, it is kinda like I bought the app which I already have for free on my Smart tv and my old Roku.<br /><br />And they will not and do not tell you the Alexa talking remote does NOT work with Netflix. I called the tech people and was told yes. true. it does not on &#34;3rd party apps&#34; which Netflix I guess is. Simple commands like trying to rewind or turn the volume up will not work with the talking Alexa remote watching a show on Netflix. But does apparently with Hulu?<br /><br />If you need Accessibility features? You need go elsewhere! They obviously did not test these features. Ask my cat...because they are the opposite of accessible! Ironic eh? I was literally almost crying trying out the zoom and talking stuff. The froze and the directions were so convoluted and ridiculous. LIke and entire long list of up down. hold this and hold that and pause plus play and. It was almost like a joke. but not!<br />See photo below of how the app has the &#34;prime&#34; banner label to show free shows but how Fire stick does not. shady. I told them too and they told me? Do factory reset. smh. Online told me in articles that they did this on purpose.","[{'small_image_url': 'https://images-na.ssl-images-amazon.com/images/I/51UcjBU+zDL._SL256_.jpg', 'medium_image_url': 'https://images-na.ssl-images-amazon.com/images/I/51UcjBU+zDL._SL800_.jpg', 'large_image_url': 'https://images-na.ssl-images-amazon.com/images/I/51UcjBU+zDL._SL1600_.jpg', 'attachment_type': 'IMAGE'}, {'small_image_url': 'https://images-na.ssl-images-amazon.com/images/I/61d3T3MzQtL._SL256_.jpg', 'medium_image_url': 'https://images-na.ssl-images-amazon.com/images/I/61d3T3MzQtL._SL800_.jpg', 'large_image_url': 'https://images-na.ssl-images-amazon.com/images/I/61d3T3MzQtL._SL1600_.jpg', 'attachment_type': 'IMAGE'}]",B00ZV9RDKK,B075X8471B,AEKPXGAS7MDLNHMCEZMOOQUOYJLA,1514080730113,6,True,2017-12-24 01:58:50.113,2017,2017-12,"It pushes their own pay content even if you do not have Amazon Prime. As in there is Prime stuff on the main screen even when you do not have Prime which is odd. It is geared toward Prime people. I am probably going to return mine to the store. What I do like about it is It is fast (faster than my Roku 1 which has refused to update) and has an internet browser app called Silk which I only got when I did a system re-install. Which was odd. There are banner ads for products right on the home screen like for cereal. And I do not eat cereal so that is also odd being I have been an Amazon customer over 10 plus years since and you would think they know this being they have tons of my info. and they do not show you what are free shows. With the Smart Tv Amazon app and Roku Amazon Apps? They have a &#34;Prime&#34; labe banner across the shows which means it is a free show. But...they do not have this and I read this was done on purpose. So, it literally is like click-bait I believe to make you click-click-click on shows and if you like the show that is a pay one then they hope you will...pay! It literally can take hours to find the free ones. This is shady and not user friendly. It visually reminds me of the Amazon app. So, it is kinda like I bought the app which I already have for free on my Smart tv and my old Roku. And they will not and do not tell you the Alexa talking remote does NOT work with Netflix. I called the tech people and was told yes. true. it does not on &#34;3rd party apps&#34; which Netflix I guess is. Simple commands like trying to rewind or turn the volume up will not work with the talking Alexa remote watching a show on Netflix. But does apparently with Hulu? If you need Accessibility features? You need go elsewhere! They obviously did not test these features. Ask my cat...because they are the opposite of accessible! Ironic eh? I was literally almost crying trying out the zoom and talking stuff. The froze and the directions were so convoluted and ridiculous. LIke and entire long list of up down. hold this and hold that and pause plus play and. It was almost like a joke. but not! See photo below of how the app has the &#34;prime&#34; banner label to show free shows but how Fire stick does not. shady. I told them too and they told me? Do factory reset. smh. Online told me in articles that they did this on purpose.",It pushes their own pay content even if you do not have Amazon Prime. As in there is Prime stuff on the main screen even when you do not have Prime which is odd. It is geared toward Prime people. I am probably going to return mine to the store. What I do like about it is It is fast (faster than my Roku 1 which has refused to update) and has an internet browser app called Silk which I only got when I did a system re-install. Which was odd. There are banner ads for products right on the,0.110689655,0.658526,0.23078431,0.12009466,neutral,False
5.0,Buy online and save,Buy online and save,[],B00ZV9RDKK,B075X8471B,AH36E36623RTQH4AYL5JEKYAY3IA,1576201439832,0,True,2019-12-13 01:43:59.832,2019,2019-12,Buy online and save,Buy online and save,0.06899746,0.7906248,0.14037773,0.07138027,neutral,True
5.0,Great to give as a gift or keep for yourself.,"I recieved a fire stick last year for Christmas and it has come in very handy, especially after I cut cable this year. I've already purchased two to give as gifts this year. Everything I need is right there on the stick, prime tv, hulu, netflix, hbo go and anything else I subscribe too.",[],B00ZV9RDKK,B075X8471B,AFIQVXPSPMDWYMV2C4F3BTKZWG5A,1545265409325,0,True,2018-12-20 00:23:29.325,2018,2018-12,"I recieved a fire stick last year for Christmas and it has come in very handy, especially after I cut cable this year. I've already purchased two to give as gifts this year. Everything I need is right there on the stick, prime tv, hulu, netflix, hbo go and anything else I subscribe too.","I recieved a fire stick last year for Christmas and it has come in very handy, especially after I cut cable this year. I've already purchased two to give as gifts this year. Everything I need is right there on the stick, prime tv, hulu, netflix, hbo go and anything else I subscribe too.",0.0050255493,0.04533226,0.9496422,0.9446166,positive,False
2.0,Stick,Apps don't load good very slow some apps can't get to work,[],B00ZV9RDKK,B075X8471B,AHMRTIXJUJF27GQGZYZNCN4UF5IA,1485868276000,0,True,2017-01-31 13:11:16.000,2017,2017-01,Apps don't load good very slow some apps can't get to work,Apps don't load good very slow some apps can't get to work,0.9190623,0.07210936,0.008828308,-0.91023403,negative,False
5.0,Streams well.,Fast and easy install.  Streams great,[],B00ZV9RDKK,B075X8471B,AHOMZA6S5M3XTVVLMAMADDP5LE7A,1580324527173,0,True,2020-01-29 19:02:07.173,2020,2020-01,Fast and easy install. Streams great,Fast and easy install. Streams great,0.0041466164,0.018503517,0.97734994,0.9732033,positive,False
4.0,"Amazing product, since i got it im glued to ...","Amazing product, since i got it im glued to my tv. The only flaw is that sometimes the connection to my wifi drops other than that i love my fire sticks",[],B00ZV9RDKK,B075X8471B,AH3JGR7M7SDTPFFR7O2LDOEDFT7A,1496734982000,0,True,2017-06-06 07:43:02.000,2017,2017-06,"Amazing product, since i got it im glued to my tv. The only flaw is that sometimes the connection to my wifi drops other than that i love my fire sticks","Amazing product, since i got it im glued to my tv. The only flaw is that sometimes the connection to my wifi drops other than that i love my fire sticks",0.019000757,0.035922643,0.94507664,0.9260759,positive,False
5.0,Love watching Prime shows on my regulat TV,All I can say is:  &#34;What took me sooooooooooooo  long? &#34; lol,[],B00ZV9RDKK,B075X8471B,AG3KMZF6UEAZEEBJYBXFWXBKM72Q,1517593307806,0,True,2018-02-02 17:41:47.806,2018,2018-02,All I can say is: &#34;What took me sooooooooooooo long? &#34; lol,All I can say is: &#34;What took me sooooooooooooo long? &#34; lol,0.39852193,0.421121,0.18035704,-0.21816489,neutral,True
5.0,Awesome,Love it. Wish I had it when I was injured. Amazing for 40.00$,[],B00ZV9RDKK,B075X8471B,AF2VCB3RW4LHXYW5D62XJ5GR6TJA,1497228787444,0,True,2017-06-12 00:53:07.444,2017,2017-06,Love it. Wish I had it when I was injured. Amazing for 40.00$,Love it. Wish I had it when I was injured. Amazing for 40.00$,0.012546881,0.03105731,0.9563958,0.9438489,positive,False
5.0,Great Price,We love our Firestick. Great price,[],B00ZV9RDKK,B075X8471B,AHU4BIQDQS5LNEHN3FT4626IGQOA,1538808336623,0,True,2018-10-06 06:45:36.623,2018,2018-10,We love our Firestick. Great price,We love our Firestick. Great price,0.0026189273,0.00784631,0.9895348,0.9869159,positive,False
5.0,👍👍,I LOVE IT. After trying out the fire stick I've recently bought the fire TV.  You get so much for such a small price. This will be a great Christmas gift.,[],B00ZV9RDKK,B075X8471B,AHSHBZ44VKMLEH3O4DQGY5DWSE3Q,1481239135000,0,True,2016-12-08 23:18:55.000,2016,2016-12,I LOVE IT. After trying out the fire stick I've recently bought the fire TV. You get so much for such a small price. This will be a great Christmas gift.,I LOVE IT. After trying out the fire stick I've recently bought the fire TV. You get so much for such a small price. This will be a great Christmas gift.,0.0034777573,0.011553543,0.98496866,0.9814909,positive,False
4.0,Firestick,It's been good so far.,[],B00ZV9RDKK,B075X8471B,AF2EF3XNHBEOMHAUAYDSNZTVXTCQ,1533863723724,0,True,2018-08-10 01:15:23.724,2018,2018-08,It's been good so far.,It's been good so far.,0.003466737,0.015631033,0.9809022,0.97743547,positive,False
5.0,Love it!,Love it!<br /><br />I have 5 firesticks and love them. Easy to install and easy to configure. I highly recommend installing Kodi on it and then it becomes the perfect all in one device. The fact that I own 5 of them shows that I am willing to purchase it again.,[],B00ZV9RDKK,B075X8471B,AEYTUWVOEPWUE7W2SUS3R7ELJNJQ,1482811902000,1,True,2016-12-27 04:11:42.000,2016,2016-12,Love it! I have 5 firesticks and love them. Easy to install and easy to configure. I highly recommend installing Kodi on it and then it becomes the perfect all in one device. The fact that I own 5 of them shows that I am willing to purchase it again.,Love it! I have 5 firesticks and love them. Easy to install and easy to configure. I highly recommend installing Kodi on it and then it becomes the perfect all in one device. The fact that I own 5 of them shows that I am willing to purchase it again.,0.003798233,0.015059949,0.98114187,0.9773436,positive,False
5.0,Five Stars,Great! Product ordered a second one for my bedroom.,[],B00ZV9RDKK,B075X8471B,AE5UUNFSJGKLSTB3FB3XWKFHNZKQ,1482433069000,0,True,2016-12-22 18:57:49.000,2016,2016-12,Great! Product ordered a second one for my bedroom.,Great! Product ordered a second one for my bedroom.,0.0020286427,0.02539033,0.9725811,0.97055244,positive,False
3.0,Great when they Work-Read On,"Bought my first one for the Master bedroom on Black Friday from Best Buy and like it. Works fine, my Son set it up in literally 5 minutes. Bought another one Motherday 2018. Literally had my Son sitting out the house waiting to hook it up in the living room, the TV pulled out and ready to go. It was delivered just before 7pm that evening. He knows these fire sticks like the back of his hand and had it working for 5 minutes then remote stopped and he could not pair it up again. I told him to stop messing with it after about 30 minutes and was already on line getting a return shipping label from Amazon. He messed with it for another hour I would guess determined to get it to work, then finally he gave up. Kind of upset him that he could not get it working on Mothersday, but that is Electronics these days, great when they work, but with mass production you are bound to get defective ones. Hence, just look at all the refurbished re-certified electronics on the market being sold these days. Anyway, I had to send it back the next day. I think I will stick with the Roku Streaming Stick Plus in the living room which works just fine that I purchased from Amazon. One of each in the house hold is enough.",[],B00ZV9RDKK,B075X8471B,AGBF2BZRN6M65YBFZCF54ENDRRAA,1526390174414,0,True,2018-05-15 13:16:14.414,2018,2018-05,"Bought my first one for the Master bedroom on Black Friday from Best Buy and like it. Works fine, my Son set it up in literally 5 minutes. Bought another one Motherday 2018. Literally had my Son sitting out the house waiting to hook it up in the living room, the TV pulled out and ready to go. It was delivered just before 7pm that evening. He knows these fire sticks like the back of his hand and had it working for 5 minutes then remote stopped and he could not pair it up again. I told him to stop messing with it after about 30 minutes and was already on line getting a return shipping label from Amazon. He messed with it for another hour I would guess determined to get it to work, then finally he gave up. Kind of upset him that he could not get it working on Mothersday, but that is Electronics these days, great when they work, but with mass production you are bound to get defective ones. Hence, just look at all the refurbished re-certified electronics on the market being sold these days. Anyway, I had to send it back the next day. I think I will stick with the Roku Streaming Stick Plus in the living room which works just fine that I purchased from Amazon. One of each in the house hold is enough.","Bought my first one for the Master bedroom on Black Friday from Best Buy and like it. Works fine, my Son set it up in literally 5 minutes. Bought another one Motherday 2018. Literally had my Son sitting out the house waiting to hook it up in the living room, the TV pulled out and ready to go. It was delivered just before 7pm that evening. He knows these fire sticks like the back of his hand and had it working for 5 minutes then remote stopped and he could not pair it up again. I told him to stop",0.014116395,0.2383947,0.74748886,0.73337245,positive,False
5.0,Five Stars,Easy to use. As long as have a wifi service I can bring it to anywhere I want.,[],B00ZV9RDKK,B075X8471B,AHP7QCX4EJYRBLPDXDVTYHELI4FA,1497805206228,0,True,2017-06-18 17:00:06.228,2017,2017-06,Easy to use. As long as have a wifi service I can bring it to anywhere I want.,Easy to use. As long as have a wifi service I can bring it to anywhere I want.,0.0076460014,0.17935675,0.8129972,0.8053512,positive,False
5.0,Great,Awesome product love it!,[],B00ZV9RDKK,B075X8471B,AG3OXL4I5XXCFRR6X6WULZJKNOPA,1561686059067,0,True,2019-06-28 01:40:59.067,2019,2019-06,Awesome product love it!,Awesome product love it!,0.0057174056,0.010502508,0.9837801,0.9780627,positive,False
5.0,Easy directions on you tube to use it,As described. Easy directions on you tube to use it.,[],B00ZV9RDKK,B075X8471B,AF5FFHWJFUFRKC523LBBZQ6UIFVQ,1482951094000,0,True,2016-12-28 18:51:34.000,2016,2016-12,As described. Easy directions on you tube to use it.,As described. Easy directions on you tube to use it.,0.0080443965,0.2739636,0.717992,0.7099476,positive,False
5.0,Five Stars,works perfectly,[],B00ZV9RDKK,B075X8471B,AG7ZHLIFREPYD7OBVVR55VULM57A,1504615254589,0,True,2017-09-05 12:40:54.589,2017,2017-09,works perfectly,works perfectly,0.0131724235,0.07760308,0.9092245,0.89605206,positive,False
5.0,Fire stick,Great product,[],B00ZV9RDKK,B075X8471B,AF5CNZ3NSAWI6CFA3VBFDTI5U4FQ,1540569395380,0,True,2018-10-26 15:56:35.380,2018,2018-10,Great product,Great product,0.00960183,0.040750183,0.94964796,0.94004613,positive,False
5.0,Five Stars,Wonderful replaced fire stick without Alexa and makes life easier than ever,[],B00ZV9RDKK,B075X8471B,AEXJZDV2KWXX6A7TXVQTSRKKO2BQ,1521481746221,0,True,2018-03-19 17:49:06.221,2018,2018-03,Wonderful replaced fire stick without Alexa and makes life easier than ever,Wonderful replaced fire stick without Alexa and makes life easier than ever,0.004802077,0.018647166,0.97655076,0.9717487,positive,False
5.0,Five Stars,Does the job,[],B00ZV9RDKK,B075X8471B,AG4VSC4PHMS5O6BSOPXURF22CPFA,1532878996966,1,True,2018-07-29 15:43:16.966,2018,2018-07,Does the job,Does the job,0.08058018,0.6594099,0.26000994,0.17942977,neutral,True
5.0,Great Device!,"What an easy, convenient little device! I have smart TVs but this makes it even easier and opens up a world of apps. I LOVE the Alexa voice feature as well! Highly recommend!",[],B00ZV9RDKK,B075X8471B,AFSHW2WFOQPCRNV4SNDH4NQKN6IQ,1506207498617,0,True,2017-09-23 22:58:18.617,2017,2017-09,"What an easy, convenient little device! I have smart TVs but this makes it even easier and opens up a world of apps. I LOVE the Alexa voice feature as well! Highly recommend!","What an easy, convenient little device! I have smart TVs but this makes it even easier and opens up a world of apps. I LOVE the Alexa voice feature as well! Highly recommend!",0.002694178,0.008836472,0.9884694,0.98577523,positive,False
5.0,Love It,Cant live with out it...,[],B00ZV9RDKK,B075X8471B,AF2DKRVU35DSYPLWWGS56WIXFIZA,1537230280541,0,True,2018-09-18 00:24:40.541,2018,2018-09,Cant live with out it...,Cant live with out it...,0.37155277,0.3966795,0.23176768,-0.13978508,neutral,True
4.0,Trustworthy product,Had a tough time deciding whether or not to buy the 4K version. This is a gift and the person receiving it does not yet have a 4K tv. Cannot review as I am an apple cast member but know how these devices work and am completely satisfied with my purchase.,[],B00ZV9RDKK,B075X8471B,AFGHZCBYAK4DTERRUJP7OLC6FXSA,1545183551844,0,True,2018-12-19 01:39:11.844,2018,2018-12,Had a tough time deciding whether or not to buy the 4K version. This is a gift and the person receiving it does not yet have a 4K tv. Cannot review as I am an apple cast member but know how these devices work and am completely satisfied with my purchase.,Had a tough time deciding whether or not to buy the 4K version. This is a gift and the person receiving it does not yet have a 4K tv. Cannot review as I am an apple cast member but know how these devices work and am completely satisfied with my purchase.,0.2108607,0.5054606,0.28367862,0.07281792,neutral,True
5.0,"Neat, needs some tweaking, but it works pretty well.","The voice search is kinda spotty, and you can't really search inside apps, but it does a fine job of streaming. I also signed up for Shudder (on the website, not through amazon) and it really adds some great horror movies to the availability of the prime movies.<br /><br />The remote is a bitch and a half to open at first, but then you realize that it's really something that doesn't need force to open, and then it opens easily.<br /><br />All in all, if you see one on sale, grab it if you want something cool. I upgraded from a basic Roku to this and haven't missed out on anything.",[],B00ZV9RDKK,B075X8471B,AHADZZ4H377HDPU3MSGYC4JMBOVQ,1539667255358,0,True,2018-10-16 05:20:55.358,2018,2018-10,"The voice search is kinda spotty, and you can't really search inside apps, but it does a fine job of streaming. I also signed up for Shudder (on the website, not through amazon) and it really adds some great horror movies to the availability of the prime movies. The remote is a bitch and a half to open at first, but then you realize that it's really something that doesn't need force to open, and then it opens easily. All in all, if you see one on sale, grab it if you want something cool. I upgraded from a basic Roku to this and haven't missed out on anything.","The voice search is kinda spotty, and you can't really search inside apps, but it does a fine job of streaming. I also signed up for Shudder (on the website, not through amazon) and it really adds some great horror movies to the availability of the prime movies. The remote is a bitch and a half to open at first, but then you realize that it's really something that doesn't need force to open, and then it opens easily. All in all, if you see one on sale, grab it if you want something cool. I upgraded from a basic",0.04528508,0.21141872,0.7432962,0.6980111,positive,False
3.0,Just Ok. I Prefer the Roku,The Firestick for me is just ok. Nothing about it is better or easier to use than the Roku. I have both. And my preference over the two is the Roku.,[],B00ZV9RDKK,B075X8471B,AEPO4UIN26VZLOYJNVRGBMXMB6LA,1524707204459,0,True,2018-04-26 01:46:44.459,2018,2018-04,The Firestick for me is just ok. Nothing about it is better or easier to use than the Roku. I have both. And my preference over the two is the Roku.,The Firestick for me is just ok. Nothing about it is better or easier to use than the Roku. I have both. And my preference over the two is the Roku.,0.02722553,0.1025452,0.87022924,0.8430037,positive,False
5.0,Love it! Still discovering new things to do with ...,Love it!  Still discovering new things to do with the Fire stick every day!,[],B00ZV9RDKK,B075X8471B,AEBOZUPXR2IOM5JJOVZA6EMTM3IA,1487185084000,0,True,2017-02-15 18:58:04.000,2017,2017-02,Love it! Still discovering new things to do with the Fire stick every day!,Love it! Still discovering new things to do with the Fire stick every day!,0.002749539,0.010209379,0.9870411,0.98429155,positive,False
5.0,It has been the best addition to our house and am looking at ordering ...,I couldn't live without my FireStick. It has been the best addition to our house and am looking at ordering another for the tv in the bedroom.,[],B00ZV9RDKK,B075X8471B,AGUKQQBYY3RXQCM6QWM7LO5DHHHQ,1520431344633,0,True,2018-03-07 14:02:24.633,2018,2018-03,I couldn't live without my FireStick. It has been the best addition to our house and am looking at ordering another for the tv in the bedroom.,I couldn't live without my FireStick. It has been the best addition to our house and am looking at ordering another for the tv in the bedroom.,0.007502865,0.029950446,0.9625467,0.95504385,positive,False
5.0,Fantastic!!!!!!!!,Love it A+,[],B00ZV9RDKK,B075X8471B,AHUECXCY6NWXIKI7AUILMTYAKNJQ,1481825173000,0,True,2016-12-15 18:06:13.000,2016,2016-12,Love it A+,Love it A+,0.0045736423,0.017468624,0.9779578,0.97338414,positive,False
5.0,Very satisfied,Super awesome,[],B00ZV9RDKK,B075X8471B,AFC4S6B4MGXYSZDLRAGWVB3VZLCQ,1532452230002,0,True,2018-07-24 17:10:30.002,2018,2018-07,Super awesome,Super awesome,0.008223678,0.026135081,0.9656412,0.95741755,positive,False
5.0,Great device (once you figure out how to open the ...,Great device (once you figure out how to open the back to insert the batteries!) and excellent phone support from Amazon with initial set-up.,[],B00ZV9RDKK,B075X8471B,AHOINRNHPK5LNW242JNTW4GLKQIA,1529409286400,0,True,2018-06-19 11:54:46.400,2018,2018-06,Great device (once you figure out how to open the back to insert the batteries!) and excellent phone support from Amazon with initial set-up.,Great device (once you figure out how to open the back to insert the batteries!) and excellent phone support from Amazon with initial set-up.,0.003469066,0.023856802,0.97267413,0.9692051,positive,False
5.0,Five Stars,Love our fire stick still learning more about it everyday.,[],B00ZV9RDKK,B075X8471B,AEC3OM2FAMJCX4FDJMQ2SIGBAF7A,1519052127099,0,True,2018-02-19 14:55:27.099,2018,2018-02,Love our fire stick still learning more about it everyday.,Love our fire stick still learning more about it everyday.,0.0027975766,0.011936827,0.98526555,0.98246795,positive,False
4.0,Four Stars,Works great!,[],B00ZV9RDKK,B075X8471B,AFQTRWQCJBYHBUIH5IYQC53LXQ5Q,1478395511000,0,True,2016-11-06 01:25:11.000,2016,2016-11,Works great!,Works great!,0.005239337,0.016634606,0.9781261,0.9728868,positive,False
5.0,Open too new options other than cable,So far I’m happy with this item. I received as a gift.,[],B00ZV9RDKK,B075X8471B,AFBX2NYAHMLRZXLO3HSTESR3LABQ,1548551724961,0,True,2019-01-27 01:15:24.961,2019,2019-01,So far I’m happy with this item. I received as a gift.,So far I’m happy with this item. I received as a gift.,0.0025374468,0.017732615,0.9797299,0.97719246,positive,False
3.0,So bummed.....,"I bought this Sept 9,17 worked great for a week then it started to be really hard to navigate and you had to push Key's really hard. Now no response except the voice control. Wrote a email to Amazon waiting to hear back. Amazon has awesome customer service, I will up date when I hear back.",[],B00ZV9RDKK,B075X8471B,AH6ZPFBNBHHWSZYGKHC5RL2G4XAA,1510509557212,0,True,2017-11-12 17:59:17.212,2017,2017-11,"I bought this Sept 9,17 worked great for a week then it started to be really hard to navigate and you had to push Key's really hard. Now no response except the voice control. Wrote a email to Amazon waiting to hear back. Amazon has awesome customer service, I will up date when I hear back.","I bought this Sept 9,17 worked great for a week then it started to be really hard to navigate and you had to push Key's really hard. Now no response except the voice control. Wrote a email to Amazon waiting to hear back. Amazon has awesome customer service, I will up date when I hear back.",0.76099205,0.19287415,0.0461338,-0.71485823,negative,False
5.0,Five Stars,Very easy to use,[],B00ZV9RDKK,B075X8471B,AHEKBRDT5XL7TUTJLSD6UBW2GJLQ,1487117917000,1,True,2017-02-15 00:18:37.000,2017,2017-02,Very easy to use,Very easy to use,0.009904522,0.04566734,0.94442815,0.93452364,positive,False
1.0,Trash,Worked great for 28 days. Moved it to a different Wi-Fi because I had to have my modem Replaced and now suddenly it doesn't recognize my password which I know it's correct to my internet and I have spent over 3 hours on the phone with no help . I have cancelled my subscriptions and tossed it in the trash. Buy roku,[],B00ZV9RDKK,B075X8471B,AETSOCGXTV7VMDBUNG4OWQGFD7TA,1497640299901,1,True,2017-06-16 19:11:39.901,2017,2017-06,Worked great for 28 days. Moved it to a different Wi-Fi because I had to have my modem Replaced and now suddenly it doesn't recognize my password which I know it's correct to my internet and I have spent over 3 hours on the phone with no help . I have cancelled my subscriptions and tossed it in the trash. Buy roku,Worked great for 28 days. Moved it to a different Wi-Fi because I had to have my modem Replaced and now suddenly it doesn't recognize my password which I know it's correct to my internet and I have spent over 3 hours on the phone with no help . I have cancelled my subscriptions and tossed it in the trash. Buy roku,0.6054297,0.27451164,0.12005868,-0.48537102,negative,False
5.0,Five Stars,We love the new remote with the voice feature!<br />Excellent product.  Great value!,[],B00ZV9RDKK,B075X8471B,AEDUFD4SI3SNGPI2LMXAUQM4APFA,1515603911590,0,True,2018-01-10 17:05:11.590,2018,2018-01,We love the new remote with the voice feature! Excellent product. Great value!,We love the new remote with the voice feature! Excellent product. Great value!,0.0025099097,0.006931174,0.990559,0.9880491,positive,False
5.0,Can't beat it for the size and money.,"I have the latest Apple TV, and frankly I like the Fire TV Stick better, I am sorry to say as a big Apple fan. I hope Apple updates everything.  Apple got a little *too* fancy with the user interface to the point of having some awkward features and being a little counter intuitive.  Whereas the Fire TV Stick is simple, logical, easy to use, nice picture. Great product for the low price. Highly recommend to get your Amazon or Netflix fix (or whatever else - do they support HBO? I don't know).",[],B00ZV9RDKK,B075X8471B,AGPWEJVZ7ZM5FTZSMPQ5KSHYCIXQ,1490729141000,1,True,2017-03-28 19:25:41.000,2017,2017-03,"I have the latest Apple TV, and frankly I like the Fire TV Stick better, I am sorry to say as a big Apple fan. I hope Apple updates everything. Apple got a little *too* fancy with the user interface to the point of having some awkward features and being a little counter intuitive. Whereas the Fire TV Stick is simple, logical, easy to use, nice picture. Great product for the low price. Highly recommend to get your Amazon or Netflix fix (or whatever else - do they support HBO? I don't know).","I have the latest Apple TV, and frankly I like the Fire TV Stick better, I am sorry to say as a big Apple fan. I hope Apple updates everything. Apple got a little *too* fancy with the user interface to the point of having some awkward features and being a little counter intuitive. Whereas the Fire TV Stick is simple, logical, easy to use, nice picture. Great product for the low price. Highly recommend to get your Amazon or Netflix fix (or whatever else - do they support HBO? I don't know).",0.12758385,0.22389242,0.64852375,0.5209399,positive,False
5.0,Gives me everything I want.,"I've been streaming from my tablet for my upstairs, unsmart TV. I'm also clumsy and dropped my tablet once too many times. I got this to view Amazon Prime offerings with and I was tickled pink to find Netflix, Hulu, and Sling TV on it, too! We cut the cord over a year ago and never looked back. Glad I don't have to replace my tablet or my TV to get the same channels upstairs!<br /><br />Hey Amazon, can you get Destination America on that thing? That's the only channel we do not have since we left cable, well that and Pop. I live without both just fine, but sometimes there are shows that I'd like to see before they are out on Hulu, Netflix, and even Amazon... although most get to 1 of those 3 in time... patience is all I need, right? LOL",[],B00ZV9RDKK,B075X8471B,AEO7A4622PEK7WMBQZZZQB2LNK2Q,1524425748772,0,True,2018-04-22 19:35:48.772,2018,2018-04,"I've been streaming from my tablet for my upstairs, unsmart TV. I'm also clumsy and dropped my tablet once too many times. I got this to view Amazon Prime offerings with and I was tickled pink to find Netflix, Hulu, and Sling TV on it, too! We cut the cord over a year ago and never looked back. Glad I don't have to replace my tablet or my TV to get the same channels upstairs! Hey Amazon, can you get Destination America on that thing? That's the only channel we do not have since we left cable, well that and Pop. I live without both just fine, but sometimes there are shows that I'd like to see before they are out on Hulu, Netflix, and even Amazon... although most get to 1 of those 3 in time... patience is all I need, right? LOL","I've been streaming from my tablet for my upstairs, unsmart TV. I'm also clumsy and dropped my tablet once too many times. I got this to view Amazon Prime offerings with and I was tickled pink to find Netflix, Hulu, and Sling TV on it, too! We cut the cord over a year ago and never looked back. Glad I don't have to replace my tablet or my TV to get the same channels upstairs! Hey Amazon, can you get Destination America on that thing? That's the only channel we do not have since we left cable, well that and",0.24168389,0.3982746,0.36004147,0.118357584,neutral,True
5.0,Works well!!,"The fire stick was easy to set up and works perfectly. We disconnected our DIRECTV last spring and began streaming Hulu, Netflix, PureFlix, and networks on our devices. The fire stick allows us to stream using a TV so we can watch together. We use it a couple of times a week.",[],B00ZV9RDKK,B075X8471B,AFSYLSITUKYVA3B2HF22RFHGJSPQ,1502329616187,0,True,2017-08-10 01:46:56.187,2017,2017-08,"The fire stick was easy to set up and works perfectly. We disconnected our DIRECTV last spring and began streaming Hulu, Netflix, PureFlix, and networks on our devices. The fire stick allows us to stream using a TV so we can watch together. We use it a couple of times a week.","The fire stick was easy to set up and works perfectly. We disconnected our DIRECTV last spring and began streaming Hulu, Netflix, PureFlix, and networks on our devices. The fire stick allows us to stream using a TV so we can watch together. We use it a couple of times a week.",0.0038302778,0.16191281,0.8342569,0.83042663,positive,False
5.0,A gift definately worth keeping this Christmas season.,"Easily enstalled and for the low cast of Amazon prime great series and movies just a click or two away.  Alexa however often doesn't understand programming requests.  But it's possible to find things without &#34;her&#34; help.  Love ❤️ the original programming, BBC series and movies!",[],B00ZV9RDKK,B075X8471B,AENKCNULVBLJOFG6CALGIH27T5NQ,1483909947000,0,True,2017-01-08 21:12:27.000,2017,2017-01,"Easily enstalled and for the low cast of Amazon prime great series and movies just a click or two away. Alexa however often doesn't understand programming requests. But it's possible to find things without &#34;her&#34; help. Love ❤️ the original programming, BBC series and movies!","Easily enstalled and for the low cast of Amazon prime great series and movies just a click or two away. Alexa however often doesn't understand programming requests. But it's possible to find things without &#34;her&#34; help. Love ❤️ the original programming, BBC series and movies!",0.011490786,0.08978449,0.8987248,0.88723403,positive,False
5.0,We were torn: Fire Stick vs. Apple TV,We were torn between the fire stick and the Apple TV. We are an Apple family but have come to love amazon and the echo dot. So we took a gamble and went with the fire stick cause it is $100 less!! We could not be more satisfied. We cut cable and signed up for DirecTV now. We love our amazon fire stick! It is easy to use and reliable.,[],B00ZV9RDKK,B075X8471B,AEPYXMMWADD5NUKMOCIJ5UIAWZ5Q,1513641783473,0,True,2017-12-19 00:03:03.473,2017,2017-12,We were torn between the fire stick and the Apple TV. We are an Apple family but have come to love amazon and the echo dot. So we took a gamble and went with the fire stick cause it is $100 less!! We could not be more satisfied. We cut cable and signed up for DirecTV now. We love our amazon fire stick! It is easy to use and reliable.,We were torn between the fire stick and the Apple TV. We are an Apple family but have come to love amazon and the echo dot. So we took a gamble and went with the fire stick cause it is $100 less!! We could not be more satisfied. We cut cable and signed up for DirecTV now. We love our amazon fire stick! It is easy to use and reliable.,0.009517311,0.051621627,0.9388611,0.92934376,positive,False
5.0,Must buy Now! Don't wait! Join me in binge watching,"This is something I should have purchased so long ago I could just kick myself in the butt if I could! Omg so very easy to use! I have zero technical skills and usually rely on other people to assist me but this was SUPER easy! Instant happiness as I plugged in the stick in the back of my TV, plugged a cord in the wall and wam! Instant gratification! I had a beautiful little remote that literally guides me through all my options! I am able to watch my Netflix and Amazon and a crap ton of other things that I have not explored yet! This is your answer if your paying crazy amounts of money for cable or dish service! This is a dream come true! Happiness! Except that I have gained a few pounds from being a couch potato due to binge watching!!! Well worth the money! Highly recommend!",[],B00ZV9RDKK,B075X8471B,AFC3TJNQCEYEFWU5DZIKJMH3IJPA,1497647560678,8,True,2017-06-16 21:12:40.678,2017,2017-06,"This is something I should have purchased so long ago I could just kick myself in the butt if I could! Omg so very easy to use! I have zero technical skills and usually rely on other people to assist me but this was SUPER easy! Instant happiness as I plugged in the stick in the back of my TV, plugged a cord in the wall and wam! Instant gratification! I had a beautiful little remote that literally guides me through all my options! I am able to watch my Netflix and Amazon and a crap ton of other things that I have not explored yet! This is your answer if your paying crazy amounts of money for cable or dish service! This is a dream come true! Happiness! Except that I have gained a few pounds from being a couch potato due to binge watching!!! Well worth the money! Highly recommend!","This is something I should have purchased so long ago I could just kick myself in the butt if I could! Omg so very easy to use! I have zero technical skills and usually rely on other people to assist me but this was SUPER easy! Instant happiness as I plugged in the stick in the back of my TV, plugged a cord in the wall and wam! Instant gratification! I had a beautiful little remote that literally guides me through all my options! I am able to watch my Netflix and Amazon and a crap ton of other things",0.038944125,0.045818467,0.9152375,0.87629336,positive,False
3.0,My old one is faster. This one is slow ...,My old one is faster. This one is slow and freezes and for some reason the Hulu app refuses to load. which is weird since my old one was purchased in 2014 I believe.,[],B00ZV9RDKK,B075X8471B,AFDP2LUIMQLIO62PZ3LONU6N2SUA,1529005445816,0,True,2018-06-14 19:44:05.816,2018,2018-06,My old one is faster. This one is slow and freezes and for some reason the Hulu app refuses to load. which is weird since my old one was purchased in 2014 I believe.,My old one is faster. This one is slow and freezes and for some reason the Hulu app refuses to load. which is weird since my old one was purchased in 2014 I believe.,0.7390027,0.23748673,0.023510586,-0.7154921,negative,False
5.0,Excellent product,Love it.,[],B00ZV9RDKK,B075X8471B,AHEKLRNCOIOJ3ZCGUGFOPDVMFKTA,1545871976551,0,True,2018-12-27 00:52:56.551,2018,2018-12,Love it.,Love it.,0.009448783,0.04570902,0.9448422,0.93539345,positive,False
1.0,Definitely not for me. All I could get were ...,Definitely not for me. All I could get were some of the movies and I already have Netflix. I had to sign up and buy all the apps to watch channels. I don't understand what the difference is.,[],B00ZV9RDKK,B075X8471B,AHB62BUMZQHLC65Z3J2AOQT4CBRA,1505495990359,0,True,2017-09-15 17:19:50.359,2017,2017-09,Definitely not for me. All I could get were some of the movies and I already have Netflix. I had to sign up and buy all the apps to watch channels. I don't understand what the difference is.,Definitely not for me. All I could get were some of the movies and I already have Netflix. I had to sign up and buy all the apps to watch channels. I don't understand what the difference is.,0.7565545,0.22450295,0.018942654,-0.73761183,negative,False
5.0,aeesome,Awesome love it.  Should have purchased sooner.,[],B00ZV9RDKK,B075X8471B,AH6O5P6JN4SZ7E7ADUE56ILJMPRA,1503250251118,0,True,2017-08-20 17:30:51.118,2017,2017-08,Awesome love it. Should have purchased sooner.,Awesome love it. Should have purchased sooner.,0.003852593,0.008869646,0.98727775,0.98342514,positive,False
5.0,Firesticks are awesome,"I purchased two of these with the voice.. I've had a total of 5 fire sticks now.  I'm a fan..  only thing better is my smart TV.<br /><br />The voice part works pretty good, took some getting used to though.  I keep forgetting that voice button is there until I've half way typed what i am looking for.<br /><br />I am a real person, that really bought this item.  I did NOT receive this item free or discounted for for my review.  Please help get the REAL reviews to the top by clicking &#34;helpful&#34; just below this review.  Thanks in advance",[],B00ZV9RDKK,B075X8471B,AEEHOCZULNZBW2LTZKZRMVMGFGRA,1518036461072,1,True,2018-02-07 20:47:41.072,2018,2018-02,"I purchased two of these with the voice.. I've had a total of 5 fire sticks now. I'm a fan.. only thing better is my smart TV. The voice part works pretty good, took some getting used to though. I keep forgetting that voice button is there until I've half way typed what i am looking for. I am a real person, that really bought this item. I did NOT receive this item free or discounted for for my review. Please help get the REAL reviews to the top by clicking &#34;helpful&#34; just below this review. Thanks in advance","I purchased two of these with the voice.. I've had a total of 5 fire sticks now. I'm a fan.. only thing better is my smart TV. The voice part works pretty good, took some getting used to though. I keep forgetting that voice button is there until I've half way typed what i am looking for. I am a real person, that really bought this item. I did NOT receive this item free or discounted for for my review. Please help get the REAL reviews to the top by clicking &#34;helpful&#34; just below this review. Thanks in advance",0.013489127,0.09412918,0.89238167,0.87889254,positive,False
5.0,Five Stars,So far so good.,[],B00ZV9RDKK,B075X8471B,AHGJX7LN76FZXVSF3UQQSLAMMZ7Q,1522949873218,0,True,2018-04-05 17:37:53.218,2018,2018-04,So far so good.,So far so good.,0.0046288595,0.02925299,0.96611816,0.9614893,positive,False
5.0,Fire Stick-what a concept!,Love it. Was not sure it would work with our 6 year old HDTV so called and actually got to speak with a live person! Asked her all my questions before ordering and she was a doll and very informative.<br />Got the Fire Stick the next day and was able to set up in 5 mins and voila it worked!  So happy.,[],B00ZV9RDKK,B075X8471B,AGJJSAIOQLXVFJLNIVLREAZZGH2Q,1527277273656,0,True,2018-05-25 19:41:13.656,2018,2018-05,Love it. Was not sure it would work with our 6 year old HDTV so called and actually got to speak with a live person! Asked her all my questions before ordering and she was a doll and very informative. Got the Fire Stick the next day and was able to set up in 5 mins and voila it worked! So happy.,Love it. Was not sure it would work with our 6 year old HDTV so called and actually got to speak with a live person! Asked her all my questions before ordering and she was a doll and very informative. Got the Fire Stick the next day and was able to set up in 5 mins and voila it worked! So happy.,0.0087203225,0.030580211,0.9606995,0.95197916,positive,False
1.0,Very disappointed.,I should have read the item reviews.  It does not work.,[],B00ZV9RDKK,B075X8471B,AGQRSEV7SZTIVO43DPFX7OSIB2EA,1535852532823,0,True,2018-09-02 01:42:12.823,2018,2018-09,I should have read the item reviews. It does not work.,I should have read the item reviews. It does not work.,0.8216376,0.16499731,0.01336514,-0.8082724,negative,False
3.0,Energizer Bunny met its match,Eats batteries. 3 sets in less than a month,[],B00ZV9RDKK,B075X8471B,AE7GTT3YYEV5JLQ36KMYP2M73L2A,1524752022154,0,True,2018-04-26 14:13:42.154,2018,2018-04,Eats batteries. 3 sets in less than a month,Eats batteries. 3 sets in less than a month,0.06538921,0.6460275,0.28858322,0.223194,neutral,False
5.0,Great Product!,"We love our Fire Stick! It was so easy to install and it has great wifi reception. I liked the booster that came with it, that has come in handy. I will be buying a second one. I really like all of the apps, the only thing I wish it had was youtube.",[],B00ZV9RDKK,B075X8471B,AGB5ZUUNOV4R7RB7ZZYSCXD2N3VQ,1524575598336,0,True,2018-04-24 13:13:18.336,2018,2018-04,"We love our Fire Stick! It was so easy to install and it has great wifi reception. I liked the booster that came with it, that has come in handy. I will be buying a second one. I really like all of the apps, the only thing I wish it had was youtube.","We love our Fire Stick! It was so easy to install and it has great wifi reception. I liked the booster that came with it, that has come in handy. I will be buying a second one. I really like all of the apps, the only thing I wish it had was youtube.",0.002685679,0.009376985,0.9879374,0.9852517,positive,False
2.0,Remote battery compartment is faulty,"The remote does not work unless the batteries are manually pushed into the contacts. I struggled with the unit initially, put it aside, tried on a couple more occasions (changed batteries, looked up user manual...not being a &#34;techie&#34; I thought it was me.) It's really no good without a usable remote. Of course, the return window is closed. Had to download an app to operate from my phone. Not really impressed at all.",[],B00ZV9RDKK,B075X8471B,AHTCZ4KYEFBH5I3Q63UZARAJJ2FA,1497971789309,0,True,2017-06-20 15:16:29.309,2017,2017-06,"The remote does not work unless the batteries are manually pushed into the contacts. I struggled with the unit initially, put it aside, tried on a couple more occasions (changed batteries, looked up user manual...not being a &#34;techie&#34; I thought it was me.) It's really no good without a usable remote. Of course, the return window is closed. Had to download an app to operate from my phone. Not really impressed at all.","The remote does not work unless the batteries are manually pushed into the contacts. I struggled with the unit initially, put it aside, tried on a couple more occasions (changed batteries, looked up user manual...not being a &#34;techie&#34; I thought it was me.) It's really no good without a usable remote. Of course, the return window is closed. Had to download an app to operate from my phone. Not really impressed at all.",0.85304993,0.13573344,0.0112166265,-0.8418333,negative,False
5.0,Five Stars,"Great tool, easy-to-use and contains a lot accessibility to a wide variety of channels.",[],B00ZV9RDKK,B075X8471B,AEW2JUIUQ4LQKNIIQMDTBNUGR5LA,1515532370550,0,True,2018-01-09 21:12:50.550,2018,2018-01,"Great tool, easy-to-use and contains a lot accessibility to a wide variety of channels.","Great tool, easy-to-use and contains a lot accessibility to a wide variety of channels.",0.0032201218,0.014543018,0.9822368,0.97901666,positive,False
5.0,Love it.,Great purchase. Very happy.  Not hard to setup. Will be getting three more- for my siblings.,[],B00ZV9RDKK,B075X8471B,AE4T7QZ67MVG7ENOITXWBYEVGAJA,1532141379279,0,True,2018-07-21 02:49:39.279,2018,2018-07,Great purchase. Very happy. Not hard to setup. Will be getting three more- for my siblings.,Great purchase. Very happy. Not hard to setup. Will be getting three more- for my siblings.,0.002679314,0.012989986,0.9843307,0.9816514,positive,False
5.0,Fire Stick with Alexas Voice Remote,I am 85 so have not installed this yet.  Waiting for family help.,[],B00ZV9RDKK,B075X8471B,AHW6VLR3YTYKYNTMNCWDVAOASNVA,1532619906548,0,True,2018-07-26 15:45:06.548,2018,2018-07,I am 85 so have not installed this yet. Waiting for family help.,I am 85 so have not installed this yet. Waiting for family help.,0.67617536,0.2997331,0.024091566,-0.6520838,negative,True
4.0,Four Stars,Worked very well,[],B00ZV9RDKK,B075X8471B,AGTSEFJD3IIPPRCVTEVELOZVEB7A,1513695266537,0,True,2017-12-19 14:54:26.537,2017,2017-12,Worked very well,Worked very well,0.006831793,0.044345573,0.9488226,0.94199085,positive,False
5.0,Look it,"Works as expected. Hate the drama with YouTube, but there is a good work-around.",[],B00ZV9RDKK,B075X8471B,AEMXP4O4YDHEEH2BHX3BFCJ2QAWQ,1516383922881,1,True,2018-01-19 17:45:22.881,2018,2018-01,"Works as expected. Hate the drama with YouTube, but there is a good work-around.","Works as expected. Hate the drama with YouTube, but there is a good work-around.",0.06319495,0.19666101,0.7401441,0.67694914,positive,False
5.0,Bye bye cable!!,"I love that you just plug it in, download apps and you’re ready to go! Super easy and is saving us a fortune on cable!!",[],B00ZV9RDKK,B075X8471B,AGO3NWZUXPFAMVFJWDIII7IZ57GA,1537723166246,0,True,2018-09-23 17:19:26.246,2018,2018-09,"I love that you just plug it in, download apps and you’re ready to go! Super easy and is saving us a fortune on cable!!","I love that you just plug it in, download apps and you’re ready to go! Super easy and is saving us a fortune on cable!!",0.0036392792,0.023062078,0.97329867,0.9696594,positive,False
3.0,I don't really have anything good to say about the sticks,I don't really have anything good to say about the sticks.  Their slow.  Go with the firebox it's way more responsive and is faster and gives smooth video. I'd recommend the roku express over this.  Sling is horrible on this as well.,[],B00ZV9RDKK,B075X8471B,AHXO5KWH7Q2A2UTTLGQWIIR2ONPQ,1485029576000,1,True,2017-01-21 20:12:56.000,2017,2017-01,I don't really have anything good to say about the sticks. Their slow. Go with the firebox it's way more responsive and is faster and gives smooth video. I'd recommend the roku express over this. Sling is horrible on this as well.,I don't really have anything good to say about the sticks. Their slow. Go with the firebox it's way more responsive and is faster and gives smooth video. I'd recommend the roku express over this. Sling is horrible on this as well.,0.83181345,0.13089399,0.03729257,-0.79452085,negative,False
1.0,Does not work with the Apps and Charter Communications,"Does not work with the apps and charter communications. Charter Communications is not listed as a provider so we can not sign into the apps, like Disney Junior, to watch free episodes. Will have to switch to Roku. Don't love the voice search because it goes to Amazon instead of Netflix, when that's the app I'm on.",[],B00ZV9RDKK,B075X8471B,AFC5CRVVGPCGP4EYA7EMZDM65LSQ,1482031467000,1,True,2016-12-18 03:24:27.000,2016,2016-12,"Does not work with the apps and charter communications. Charter Communications is not listed as a provider so we can not sign into the apps, like Disney Junior, to watch free episodes. Will have to switch to Roku. Don't love the voice search because it goes to Amazon instead of Netflix, when that's the app I'm on.","Does not work with the apps and charter communications. Charter Communications is not listed as a provider so we can not sign into the apps, like Disney Junior, to watch free episodes. Will have to switch to Roku. Don't love the voice search because it goes to Amazon instead of Netflix, when that's the app I'm on.",0.862884,0.12762593,0.0094900085,-0.853394,negative,False
4.0,Not what expected,Purchased because I love to watch movies and I was tired of borrowing a family members but they have the older generation and it works much better than this one,[],B00ZV9RDKK,B075X8471B,AFRDUJKOLMHUS2YNB6QXNXQ5Y2EQ,1547351154060,0,True,2019-01-13 03:45:54.060,2019,2019-01,Purchased because I love to watch movies and I was tired of borrowing a family members but they have the older generation and it works much better than this one,Purchased because I love to watch movies and I was tired of borrowing a family members but they have the older generation and it works much better than this one,0.01623589,0.10873881,0.8750253,0.8587894,positive,False
3.0,Use roku more,Like roku better,[],B00ZV9RDKK,B075X8471B,AFGLVRWM6KJYCGLHOLYQFORFACAQ,1572927299279,0,True,2019-11-05 04:14:59.279,2019,2019-11,Like roku better,Like roku better,0.08461898,0.6187374,0.29664364,0.21202466,neutral,False
5.0,Must Purchase,"Was a gift, they love it.",[],B00ZV9RDKK,B075X8471B,AHSWSWODXVGGUXDBT6CZQCWPJUZA,1545629880826,0,True,2018-12-24 05:38:00.826,2018,2018-12,"Was a gift, they love it.","Was a gift, they love it.",0.0054502105,0.01735145,0.97719836,0.9717482,positive,False
5.0,Five Stars,Works great,[],B00ZV9RDKK,B075X8471B,AF5U4Z3HQ4L4R3AX4FV37XPY53XA,1501117640876,0,True,2017-07-27 01:07:20.876,2017,2017-07,Works great,Works great,0.00792021,0.030357694,0.96172214,0.95380193,positive,False
5.0,Five Stars,Love mine so I bought one for my mom too.,[],B00ZV9RDKK,B075X8471B,AEL372W7LXNKUVQLOGE4QTKONNGA,1514470365297,0,True,2017-12-28 14:12:45.297,2017,2017-12,Love mine so I bought one for my mom too.,Love mine so I bought one for my mom too.,0.001991686,0.012418716,0.98558956,0.9835979,positive,False
4.0,Four Stars,I still do not know how to stream line things into it,[],B00ZV9RDKK,B075X8471B,AGUQDCDE6EIGWJCFRVKOKOYR2J3A,1483643117000,0,True,2017-01-05 19:05:17.000,2017,2017-01,I still do not know how to stream line things into it,I still do not know how to stream line things into it,0.65426064,0.32849252,0.0172468,-0.63701385,negative,True
5.0,Interesting but frustrating -- I need a cable sub for half the content?,"Why would I need this device, then? It works great, sets up easily, good picture, quick response -- but I need a cable subscription to watch ESPN? What's the point, then? If I had cable service, I'd just watch that, correct? This is a neat gadget but the content is lacking. The photo upload service requires a later revision of the Mac OS which I am not interested in. I'm just not comprehending what this thing is actually good for beyond watching NFL Thursday night games, and I can do that via my Prime subscription on my laptop.<br /><br />Interesting but frustrating.",[],B00ZV9RDKK,B075X8471B,AE2ODZ4VYQ5FNNCONSHSNZM7PHSQ,1538170949468,0,True,2018-09-28 21:42:29.468,2018,2018-09,"Why would I need this device, then? It works great, sets up easily, good picture, quick response -- but I need a cable subscription to watch ESPN? What's the point, then? If I had cable service, I'd just watch that, correct? This is a neat gadget but the content is lacking. The photo upload service requires a later revision of the Mac OS which I am not interested in. I'm just not comprehending what this thing is actually good for beyond watching NFL Thursday night games, and I can do that via my Prime subscription on my laptop. Interesting but frustrating.","Why would I need this device, then? It works great, sets up easily, good picture, quick response -- but I need a cable subscription to watch ESPN? What's the point, then? If I had cable service, I'd just watch that, correct? This is a neat gadget but the content is lacking. The photo upload service requires a later revision of the Mac OS which I am not interested in. I'm just not comprehending what this thing is actually good for beyond watching NFL Thursday night games, and I can do that via my Prime subscription on my laptop. Interesting but",0.5469866,0.3771495,0.07586394,-0.47112262,negative,True
5.0,Five Stars,GREAT!,[],B00ZV9RDKK,B075X8471B,AEYFUZ2WMRQKZGCDV5POYHNZMTNQ,1507143365275,0,True,2017-10-04 18:56:05.275,2017,2017-10,GREAT!,GREAT!,0.011232567,0.09299156,0.8957759,0.88454336,positive,False
5.0,Great deal!,My friend just bought a smart TV and loved this Fire Stick! It's a great price and fast shipping.,[],B00ZV9RDKK,B075X8471B,AGRK2KN7Q7FS3XAXAUSDCMKWDTSA,1516721529594,0,True,2018-01-23 15:32:09.594,2018,2018-01,My friend just bought a smart TV and loved this Fire Stick! It's a great price and fast shipping.,My friend just bought a smart TV and loved this Fire Stick! It's a great price and fast shipping.,0.0022557604,0.008690556,0.98905367,0.9867979,positive,False
3.0,This product is okay!!,This product was only OK and I would say that $25 for this product is OK. I have had small problems with it but all in all it is good for person who does not have cable.,[],B00ZV9RDKK,B075X8471B,AGJ3GR3DW6UZ7MWKGX7LIEQOEXVQ,1512269924709,0,True,2017-12-03 02:58:44.709,2017,2017-12,This product was only OK and I would say that $25 for this product is OK. I have had small problems with it but all in all it is good for person who does not have cable.,This product was only OK and I would say that $25 for this product is OK. I have had small problems with it but all in all it is good for person who does not have cable.,0.029877193,0.15127015,0.8188526,0.7889754,positive,False
5.0,Enjoy,One of the best purchases I’ve ever made. Now that I have Amazon prime I’ve cut back my cable bill substantially.,[],B00ZV9RDKK,B075X8471B,AFNF2Z3MUSN44ULCMEM6HATYBGNQ,1541822079465,0,True,2018-11-10 03:54:39.465,2018,2018-11,One of the best purchases I’ve ever made. Now that I have Amazon prime I’ve cut back my cable bill substantially.,One of the best purchases I’ve ever made. Now that I have Amazon prime I’ve cut back my cable bill substantially.,0.004638759,0.018281456,0.97707975,0.972441,positive,False
1.0,Do not buy,"The worst thing I’ve bought in a while, super slow, apps load slow, can’t get shows to work. My roommates roku works like a charm and they are plugged in next to each other.",[],B00ZV9RDKK,B075X8471B,AGI7BGP3QHF33HRD765EEEQPSQLQ,1537830088925,0,True,2018-09-24 23:01:28.925,2018,2018-09,"The worst thing I’ve bought in a while, super slow, apps load slow, can’t get shows to work. My roommates roku works like a charm and they are plugged in next to each other.","The worst thing I’ve bought in a while, super slow, apps load slow, can’t get shows to work. My roommates roku works like a charm and they are plugged in next to each other.",0.9154334,0.06894514,0.015621487,-0.8998119,negative,False
5.0,Firestick,"Did Netflix tonight on Firestick, and audio and video were not coordinated.  Don't know whether it was the movie or Firestick.  First time, so will try again.",[],B00ZV9RDKK,B075X8471B,AHIU4AGKFODM25JDHN6GGMMN7GAQ,1546757882637,0,True,2019-01-06 06:58:02.637,2019,2019-01,"Did Netflix tonight on Firestick, and audio and video were not coordinated. Don't know whether it was the movie or Firestick. First time, so will try again.","Did Netflix tonight on Firestick, and audio and video were not coordinated. Don't know whether it was the movie or Firestick. First time, so will try again.",0.56510913,0.41281614,0.022074694,-0.54303443,negative,True
5.0,Nice improvements!,So far enjoying the improvements.,[],B00ZV9RDKK,B075X8471B,AHQDISLPSEEUIU2YLKYQPCNYYMTA,1481604643000,0,True,2016-12-13 04:50:43.000,2016,2016-12,So far enjoying the improvements.,So far enjoying the improvements.,0.0035580262,0.01905577,0.97738624,0.9738282,positive,False
5.0,Love it! Getting rid of cable was the best ...,Love it! Getting rid of cable was the best decision ever. I went to several stores looking for a firestick and found it on Amazon. Setting it up was a breeze.,[],B00ZV9RDKK,B075X8471B,AHAJPRNPJHLD5KP63FI2GQYRSD6Q,1500508877498,0,True,2017-07-20 00:01:17.498,2017,2017-07,Love it! Getting rid of cable was the best decision ever. I went to several stores looking for a firestick and found it on Amazon. Setting it up was a breeze.,Love it! Getting rid of cable was the best decision ever. I went to several stores looking for a firestick and found it on Amazon. Setting it up was a breeze.,0.0055528916,0.017333686,0.9771135,0.9715606,positive,False
5.0,Glad I have it,Works well,[],B00ZV9RDKK,B075X8471B,AENQLNJRODPGBYYHHJJANEN53NRA,1542727432208,0,True,2018-11-20 15:23:52.208,2018,2018-11,Works well,Works well,0.0124977445,0.118833184,0.8686691,0.85617137,positive,False
4.0,the device is a good deal/ Not For Xfinity Cable,Good device. Provides excellent quality on TV.  Snappy performance.  Still learning what I can or can't do with this thing. Having some problems sideloading any other apps. Amazon is not sure if this will be updsted to the newest software and that's going to upset Alot of customers.  Several of the apps require a subscription to your cable provider. Guess what?  Xfinity customers are one of the few not compatible.  That is a major letdown.  Shame on Xfinity but what else is new.,[],B00ZV9RDKK,B075X8471B,AFIVWQI2Y3CEQW5HUIDJ3WTH7PEQ,1507167534315,1,True,2017-10-05 01:38:54.315,2017,2017-10,Good device. Provides excellent quality on TV. Snappy performance. Still learning what I can or can't do with this thing. Having some problems sideloading any other apps. Amazon is not sure if this will be updsted to the newest software and that's going to upset Alot of customers. Several of the apps require a subscription to your cable provider. Guess what? Xfinity customers are one of the few not compatible. That is a major letdown. Shame on Xfinity but what else is new.,Good device. Provides excellent quality on TV. Snappy performance. Still learning what I can or can't do with this thing. Having some problems sideloading any other apps. Amazon is not sure if this will be updsted to the newest software and that's going to upset Alot of customers. Several of the apps require a subscription to your cable provider. Guess what? Xfinity customers are one of the few not compatible. That is a major letdown. Shame on Xfinity but what else is new.,0.1344117,0.27639827,0.58919,0.4547783,positive,False
5.0,Great Product - Will not go back to cable.,"Got rid of cable and just kept high speed Internet. Signed up for SlingTV and along with my Amazon Prime benefits, I can say that I am not missing anything that I used to watch through cable. I am saving over $100 a month using this product.",[],B00ZV9RDKK,B075X8471B,AGSXMEZIODYAY23IPWMVZBEBSNYA,1532006701879,0,True,2018-07-19 13:25:01.879,2018,2018-07,"Got rid of cable and just kept high speed Internet. Signed up for SlingTV and along with my Amazon Prime benefits, I can say that I am not missing anything that I used to watch through cable. I am saving over $100 a month using this product.","Got rid of cable and just kept high speed Internet. Signed up for SlingTV and along with my Amazon Prime benefits, I can say that I am not missing anything that I used to watch through cable. I am saving over $100 a month using this product.",0.01065291,0.110152885,0.8791942,0.8685413,positive,False
3.0,"Good, to bad my internet it's not fast enough ...","Good, to bad my internet it's not fast enough to support this item I don't like the you can get billed to your account if you choose the wrong selection",[],B00ZV9RDKK,B075X8471B,AHC3RVCPU3DSQMW5M6455XJQU76Q,1485757162000,0,True,2017-01-30 06:19:22.000,2017,2017-01,"Good, to bad my internet it's not fast enough to support this item I don't like the you can get billed to your account if you choose the wrong selection","Good, to bad my internet it's not fast enough to support this item I don't like the you can get billed to your account if you choose the wrong selection",0.91491485,0.07507572,0.010009504,-0.9049053,negative,False
5.0,Fire Tv,great product,[],B00ZV9RDKK,B075X8471B,AEUVSQOZJGGH73U3POUGKKBZNYHA,1533753358393,0,True,2018-08-08 18:35:58.393,2018,2018-08,great product,great product,0.012598842,0.04571119,0.94168997,0.9290911,positive,False
5.0,Best streaming player available,"I threw away another streaming product after using the Fire TV.  I first received one as a gift.  It performs so well that I had to have a second and got rid of a competing product in favor of the Fire TV.  I love the way you can instantly skip back and ahead when watching video with it, without buffering.  It was easy to connect and install and the remote works well.  These are very easy to use and supports all of the major streaming channels.  If you are looking to add streaming to a TV, this is definitely the way to go!",[],B00ZV9RDKK,B075X8471B,AHJOI2JU7WF3FCUBPNPEDJLMFHCQ,1519678727800,0,True,2018-02-26 20:58:47.800,2018,2018-02,"I threw away another streaming product after using the Fire TV. I first received one as a gift. It performs so well that I had to have a second and got rid of a competing product in favor of the Fire TV. I love the way you can instantly skip back and ahead when watching video with it, without buffering. It was easy to connect and install and the remote works well. These are very easy to use and supports all of the major streaming channels. If you are looking to add streaming to a TV, this is definitely the way to go!","I threw away another streaming product after using the Fire TV. I first received one as a gift. It performs so well that I had to have a second and got rid of a competing product in favor of the Fire TV. I love the way you can instantly skip back and ahead when watching video with it, without buffering. It was easy to connect and install and the remote works well. These are very easy to use and supports all of the major streaming channels. If you are looking to add streaming to a TV, this is definitely the",0.019459412,0.11956577,0.86097485,0.8415154,positive,False
4.0,worth $40,"i have both fire stick and fire tv and the only difference is the firestick is a little slower than the fire tv, other than that its well worth $40",[],B00ZV9RDKK,B075X8471B,AFY7GEDDSOJGHFIT4Z476L62Q5IA,1533424042812,0,True,2018-08-04 23:07:22.812,2018,2018-08,"i have both fire stick and fire tv and the only difference is the firestick is a little slower than the fire tv, other than that its well worth $40","i have both fire stick and fire tv and the only difference is the firestick is a little slower than the fire tv, other than that its well worth $40",0.033287015,0.2886678,0.67804515,0.64475816,positive,False
5.0,A must have for today's world.,Love it.  Thanks Amazon for putting this on sale on Prime day. :-),[],B00ZV9RDKK,B075X8471B,AELR5XQG7SAE2KBT4E6UC5MF6LUQ,1533437069680,0,True,2018-08-05 02:44:29.680,2018,2018-08,Love it. Thanks Amazon for putting this on sale on Prime day. :-),Love it. Thanks Amazon for putting this on sale on Prime day. :-),0.0023470991,0.008945289,0.98870766,0.98636055,positive,False
5.0,I ❤ Alexa!,"Love this for movies, have not disconnected the cable cord yet but it may be coming soon. I don't watch much TV",[],B00ZV9RDKK,B075X8471B,AE4TKLA6WWOTFN6TR23BL7NWR2EQ,1536112128234,0,True,2018-09-05 01:48:48.234,2018,2018-09,"Love this for movies, have not disconnected the cable cord yet but it may be coming soon. I don't watch much TV","Love this for movies, have not disconnected the cable cord yet but it may be coming soon. I don't watch much TV",0.013297809,0.08156218,0.90514004,0.89184225,positive,False
5.0,Better than my chromecast so far,"Had for a week, loving it so far.",[],B00ZV9RDKK,B075X8471B,AEWVHEL26TZP2OBXZALFBEZCPN2Q,1485493417000,0,True,2017-01-27 05:03:37.000,2017,2017-01,"Had for a week, loving it so far.","Had for a week, loving it so far.",0.0035137094,0.019703407,0.9767828,0.9732691,positive,False
5.0,Nice improvements,Love the new Fire TV Stick with Alexa Voice Remote. I wish it would work with Echo Dot. Much smoother and quicker than old Fire TV Sick,[],B00ZV9RDKK,B075X8471B,AGIE2XXXZKFDE3PGZ73GZ3W2XMPA,1502662162080,1,True,2017-08-13 22:09:22.080,2017,2017-08,Love the new Fire TV Stick with Alexa Voice Remote. I wish it would work with Echo Dot. Much smoother and quicker than old Fire TV Sick,Love the new Fire TV Stick with Alexa Voice Remote. I wish it would work with Echo Dot. Much smoother and quicker than old Fire TV Sick,0.0031103583,0.023278497,0.9736111,0.97050077,positive,False
5.0,amazing media device!,"this is great! this is the best media stick you can buy if you have Amazon Prime. the features, speed and convenience are amazing and top notch. would highly recommend to anyone looking for a media stick!",[],B00ZV9RDKK,B075X8471B,AEIOHJKR5OXQMVKGJISQWOSK7GIQ,1517336957764,0,True,2018-01-30 18:29:17.764,2018,2018-01,"this is great! this is the best media stick you can buy if you have Amazon Prime. the features, speed and convenience are amazing and top notch. would highly recommend to anyone looking for a media stick!","this is great! this is the best media stick you can buy if you have Amazon Prime. the features, speed and convenience are amazing and top notch. would highly recommend to anyone looking for a media stick!",0.0026557401,0.008621889,0.9887223,0.9860666,positive,False
5.0,Great device.,"For me, this is easier and better than the full Fire TV. I use it in conjunction with Apple TV, and switch between the two, with no cable box.",[],B00ZV9RDKK,B075X8471B,AG7IBD4EPP6H3YUNAKJ65VC4X7XA,1502814257210,0,True,2017-08-15 16:24:17.210,2017,2017-08,"For me, this is easier and better than the full Fire TV. I use it in conjunction with Apple TV, and switch between the two, with no cable box.","For me, this is easier and better than the full Fire TV. I use it in conjunction with Apple TV, and switch between the two, with no cable box.",0.005235647,0.094556876,0.9002075,0.89497185,positive,False
3.0,Old Fire TV Stick,"Okay but this product is not used anymore.  Consider new version 3 or a 4k version.  They are okay,  heard Roku is better...",[],B00ZV9RDKK,B075X8471B,AHDR3LEX6SEAML3Q4KFOR43WRWNA,1556160181044,0,True,2019-04-25 02:43:01.044,2019,2019-04,"Okay but this product is not used anymore. Consider new version 3 or a 4k version. They are okay, heard Roku is better...","Okay but this product is not used anymore. Consider new version 3 or a 4k version. They are okay, heard Roku is better...",0.3219602,0.47783417,0.20020558,-0.12175463,neutral,False
5.0,Five Stars,My adult son loves it!!!,[],B00ZV9RDKK,B075X8471B,AH6ITWSSAXBOYH5452V6HW6RDDHQ,1483473256000,0,True,2017-01-03 19:54:16.000,2017,2017-01,My adult son loves it!!!,My adult son loves it!!!,0.002556502,0.013974763,0.9834688,0.98091227,positive,False
4.0,Compare Firestick to Roku 3,"I've been using Roku 3 for about a year and a half and decided to try the fire stick. And so I left the Roku 3 connected when I installed the fire stick to compare. I do like the user interface much better, but for some unknown reason the Roku is more responsive on some apps.<br />I am a news person. I have noted that when I can't get a news app up on the Fire stick I can on Roku. Kind of silly, but consistently true for the last month.",[],B00ZV9RDKK,B075X8471B,AGLJ7WI2HQJW55B7B7ON7JNSF5YA,1507991684959,0,True,2017-10-14 14:34:44.959,2017,2017-10,"I've been using Roku 3 for about a year and a half and decided to try the fire stick. And so I left the Roku 3 connected when I installed the fire stick to compare. I do like the user interface much better, but for some unknown reason the Roku is more responsive on some apps. I am a news person. I have noted that when I can't get a news app up on the Fire stick I can on Roku. Kind of silly, but consistently true for the last month.","I've been using Roku 3 for about a year and a half and decided to try the fire stick. And so I left the Roku 3 connected when I installed the fire stick to compare. I do like the user interface much better, but for some unknown reason the Roku is more responsive on some apps. I am a news person. I have noted that when I can't get a news app up on the Fire stick I can on Roku. Kind of silly, but consistently true for the last month.",0.019333092,0.29711783,0.68354917,0.6642161,positive,False
1.0,Wasted my money,"Started watching YouTube on Amaazon the video I was watching froze up for 5 days than the Firestick went black and now it does not come on so I watched it for less than a week, wasted my money on that Firestick with Alexis.",[],B00ZV9RDKK,B075X8471B,AHCNOHR6BSEOXJRFKJIGHJ4MBEWQ,1521588698571,0,True,2018-03-20 23:31:38.571,2018,2018-03,"Started watching YouTube on Amaazon the video I was watching froze up for 5 days than the Firestick went black and now it does not come on so I watched it for less than a week, wasted my money on that Firestick with Alexis.","Started watching YouTube on Amaazon the video I was watching froze up for 5 days than the Firestick went black and now it does not come on so I watched it for less than a week, wasted my money on that Firestick with Alexis.",0.88554215,0.10445678,0.010001116,-0.87554103,negative,False
5.0,Five Stars,Works like a charm! love it!,[],B00ZV9RDKK,B075X8471B,AF6QW4G62AOEVTRWE3WAAI7MGMLQ,1492881147000,0,True,2017-04-22 17:12:27.000,2017,2017-04,Works like a charm! love it!,Works like a charm! love it!,0.005223047,0.010530504,0.9842464,0.97902334,positive,False
5.0,works great,I love this remote control and amazon prime shows it works great,[],B00ZV9RDKK,B075X8471B,AG4W3EFLRRMFH7E2DJKLHWFRJTSA,1544021420220,0,True,2018-12-05 14:50:20.220,2018,2018-12,I love this remote control and amazon prime shows it works great,I love this remote control and amazon prime shows it works great,0.0028566162,0.009344901,0.9877985,0.9849419,positive,False
5.0,Took back the cable box yesterday!,Took back the cable box yesterday!,[],B00ZV9RDKK,B075X8471B,AEVQZEIMZMNZMWDZ4EPVX5RHVIOQ,1524781242984,0,True,2018-04-26 22:20:42.984,2018,2018-04,Took back the cable box yesterday!,Took back the cable box yesterday!,0.008074285,0.7162521,0.27567363,0.26759934,neutral,False
5.0,Five Stars,Love this. Perfect for my everyday life. Alexa is awesome.,[],B00ZV9RDKK,B075X8471B,AED65UBGGX5CELZEURAFJGR5HHHA,1520429588391,0,True,2018-03-07 13:33:08.391,2018,2018-03,Love this. Perfect for my everyday life. Alexa is awesome.,Love this. Perfect for my everyday life. Alexa is awesome.,0.0031179984,0.0074194646,0.98946255,0.9863446,positive,False
5.0,It takes Amazon Prime to a whole other level. LOVE IT!!!,"Thought I'd give it a try.  First time user and I love it!!  I'm not techy in the least and I'm having a blast with this!  I thought Amazon Prime was wonderful and this makes it awesome.  Ask it to play music and Boom!  It's on, love love love it!",[],B00ZV9RDKK,B075X8471B,AGZFKS2YWMNIDET6P3HH3BJPXGWA,1516310772551,0,True,2018-01-18 21:26:12.551,2018,2018-01,"Thought I'd give it a try. First time user and I love it!! I'm not techy in the least and I'm having a blast with this! I thought Amazon Prime was wonderful and this makes it awesome. Ask it to play music and Boom! It's on, love love love it!","Thought I'd give it a try. First time user and I love it!! I'm not techy in the least and I'm having a blast with this! I thought Amazon Prime was wonderful and this makes it awesome. Ask it to play music and Boom! It's on, love love love it!",0.004066235,0.010116853,0.9858169,0.98175067,positive,False
4.0,Difficult to set up.,Had to get longer HDMI cable and adapter to get it to work. .,[],B00ZV9RDKK,B075X8471B,AGFJKKWUK6QXJ6OAOI3H5ZRJ7VBA,1519992065237,0,True,2018-03-02 12:01:05.237,2018,2018-03,Had to get longer HDMI cable and adapter to get it to work. .,Had to get longer HDMI cable and adapter to get it to work. .,0.15602057,0.72385526,0.12012417,-0.035896398,neutral,True
5.0,Five Stars,Everything I was looking for and more!!!!,[],B00ZV9RDKK,B075X8471B,AFUB2NOQ47YZO2H4ZSKLAR2MBE5A,1497649890266,0,True,2017-06-16 21:51:30.266,2017,2017-06,Everything I was looking for and more!!!!,Everything I was looking for and more!!!!,0.003673927,0.015541246,0.9807848,0.97711086,positive,False
5.0,I love firestick,I love my firestick. I have one in my camper and two at the house.,[],B00ZV9RDKK,B075X8471B,AF2GDJAG2JIZPKPBBS5OYJFBTL2Q,1534143030025,0,True,2018-08-13 06:50:30.025,2018,2018-08,I love my firestick. I have one in my camper and two at the house.,I love my firestick. I have one in my camper and two at the house.,0.003135052,0.014194794,0.9826701,0.9795351,positive,False
3.0,Having a lot of trouble with Hulu Live and fire ...,Having a lot of trouble with Hulu Live and fire stick. Hulu dates that it is a program on AFS and is working with them to fix programming problem. After 4-5 weeks the problem is minimal now. All 5 tv's have fire sticks so hopefully Amazon has fixed or I'll have to go back to cable and give my fs's away,[],B00ZV9RDKK,B075X8471B,AHX2IYTEVDKI5BSVOQUSTTVMWCNA,1519145396393,0,True,2018-02-20 16:49:56.393,2018,2018-02,Having a lot of trouble with Hulu Live and fire stick. Hulu dates that it is a program on AFS and is working with them to fix programming problem. After 4-5 weeks the problem is minimal now. All 5 tv's have fire sticks so hopefully Amazon has fixed or I'll have to go back to cable and give my fs's away,Having a lot of trouble with Hulu Live and fire stick. Hulu dates that it is a program on AFS and is working with them to fix programming problem. After 4-5 weeks the problem is minimal now. All 5 tv's have fire sticks so hopefully Amazon has fixed or I'll have to go back to cable and give my fs's away,0.5607008,0.38555923,0.053740025,-0.50696075,negative,False
5.0,Love it.,"Love it. Cut cable, watch Amazon Prime, Netflix and Hulu. Get all the cable TV I want with DirectTVNow. Crisp clear HD reception.",[],B00ZV9RDKK,B075X8471B,AGLDM4QX4C5QAHUOPQUSFACMAKXA,1499102392867,0,True,2017-07-03 17:19:52.867,2017,2017-07,"Love it. Cut cable, watch Amazon Prime, Netflix and Hulu. Get all the cable TV I want with DirectTVNow. Crisp clear HD reception.","Love it. Cut cable, watch Amazon Prime, Netflix and Hulu. Get all the cable TV I want with DirectTVNow. Crisp clear HD reception.",0.004603664,0.045545086,0.94985133,0.94524765,positive,False
5.0,Five Stars,Not disappointed..,[],B00ZV9RDKK,B075X8471B,AEHJXZS7CQFB3PL726OZTT3SDVVA,1488339061000,0,True,2017-03-01 03:31:01.000,2017,2017-03,Not disappointed..,Not disappointed..,0.12575832,0.49090338,0.38333836,0.25758004,neutral,False
5.0,Five Stars,"No need for cable anymore, this thing is incredible.",[],B00ZV9RDKK,B075X8471B,AHPHCZHQRUPLNKP4HCCWU4YW2BLA,1518821766503,0,True,2018-02-16 22:56:06.503,2018,2018-02,"No need for cable anymore, this thing is incredible.","No need for cable anymore, this thing is incredible.",0.022106742,0.058443658,0.9194496,0.89734286,positive,False
5.0,Great for movies,Enjoy the selections,[],B00ZV9RDKK,B075X8471B,AH6536T72LOMLWOJFFZCMFHYLHCQ,1584713729177,0,True,2020-03-20 14:15:29.177,2020,2020-03,Enjoy the selections,Enjoy the selections,0.011166784,0.09917181,0.88966143,0.8784946,positive,False
1.0,Do not buy 1at gen,This thing has been a pain in the are since forever. It seems like it's getting slower and slower to do next and startup. It freezes a lot and a few times I had to unplug it just to get it to work<br />Gonna check as are if the warranty exchange is still active.<br />We bought the newer one when it was.on sale for my bedroom and it works great. But this first ten sadly is crap,[],B00ZV9RDKK,B075X8471B,AGTWLAGIEGQYVDXC2HC7VSI3H5IA,1571622721371,0,True,2019-10-21 01:52:01.371,2019,2019-10,This thing has been a pain in the are since forever. It seems like it's getting slower and slower to do next and startup. It freezes a lot and a few times I had to unplug it just to get it to work Gonna check as are if the warranty exchange is still active. We bought the newer one when it was.on sale for my bedroom and it works great. But this first ten sadly is crap,This thing has been a pain in the are since forever. It seems like it's getting slower and slower to do next and startup. It freezes a lot and a few times I had to unplug it just to get it to work Gonna check as are if the warranty exchange is still active. We bought the newer one when it was.on sale for my bedroom and it works great. But this first ten sadly is crap,0.8901271,0.09324876,0.016624093,-0.873503,negative,False
2.0,failed!,Did not work! Had to return!,[],B00ZV9RDKK,B075X8471B,AFBUCY27RGRKVPZCMS6P4F55HWBQ,1548276549992,0,True,2019-01-23 20:49:09.992,2019,2019-01,Did not work! Had to return!,Did not work! Had to return!,0.84859616,0.13868706,0.012716795,-0.8358794,negative,False
5.0,"Best video buy for Amazon, Netflix and other content","I have two smart TVs, but I couldn't view my Amazon video on my really big TV. No more!  And with this inexpensive, plug and play device I can see my Amazon content as well as Netflix and my Acorn TV subscription. I love it!  The voice feature is perfect for my husband, who has vision trouble in low light and can't see what buttons to push. No more! He just asks Alexa to play the next episode of Longmire, and it starts right up! The remote is very solid, too. I only had a little trouble removing the back to insert the two included AAA batteries, but quickly figured it out. I am very pleased.",[],B00ZV9RDKK,B075X8471B,AHU4CQAEVFHUQLATHRRKIX4LH5FQ,1477608677000,1,True,2016-10-27 22:51:17.000,2016,2016-10,"I have two smart TVs, but I couldn't view my Amazon video on my really big TV. No more! And with this inexpensive, plug and play device I can see my Amazon content as well as Netflix and my Acorn TV subscription. I love it! The voice feature is perfect for my husband, who has vision trouble in low light and can't see what buttons to push. No more! He just asks Alexa to play the next episode of Longmire, and it starts right up! The remote is very solid, too. I only had a little trouble removing the back to insert the two included AAA batteries, but quickly figured it out. I am very pleased.","I have two smart TVs, but I couldn't view my Amazon video on my really big TV. No more! And with this inexpensive, plug and play device I can see my Amazon content as well as Netflix and my Acorn TV subscription. I love it! The voice feature is perfect for my husband, who has vision trouble in low light and can't see what buttons to push. No more! He just asks Alexa to play the next episode of Longmire, and it starts right up! The remote is very solid, too. I only had a little trouble removing the back",0.023422867,0.122831136,0.85374606,0.8303232,positive,False
5.0,This was a gift and I love it. Now have Netflix and there is more ...,This was a gift and I love it.  Now have Netflix and there is more I could do.  Reception and speed are excellent.,[],B00ZV9RDKK,B075X8471B,AFJRRTHJJ3YFMZ2D5VFOJQAODGUA,1483654156000,0,True,2017-01-05 22:09:16.000,2017,2017-01,This was a gift and I love it. Now have Netflix and there is more I could do. Reception and speed are excellent.,This was a gift and I love it. Now have Netflix and there is more I could do. Reception and speed are excellent.,0.0042750477,0.008836265,0.98688865,0.9826136,positive,False
2.0,Don’t like this product,"I’m sorry Amazon, I really wanted to like this product but compared to the Roku it is inferior.",[],B00ZV9RDKK,B075X8471B,AE3GXD2TDMPZ624VT6JGWAOUCDJA,1534879411568,0,True,2018-08-21 19:23:31.568,2018,2018-08,"I’m sorry Amazon, I really wanted to like this product but compared to the Roku it is inferior.","I’m sorry Amazon, I really wanted to like this product but compared to the Roku it is inferior.",0.91214234,0.07724271,0.010615026,-0.9015273,negative,False
5.0,Five Stars,Good for watching movies,[],B00ZV9RDKK,B075X8471B,AHMYZZAWGDS4BLMCTKNXS7QELM4A,1543969044828,0,True,2018-12-05 00:17:24.828,2018,2018-12,Good for watching movies,Good for watching movies,0.004539219,0.09416935,0.90129143,0.89675224,positive,False
5.0,Took no time to setup!,"I plugged it in, it worked fine, learning curve took 10 min. tops.",[],B00ZV9RDKK,B075X8471B,AGNNPO2GX24EVBHAEMEVVAUGPECQ,1484882430000,0,True,2017-01-20 03:20:30.000,2017,2017-01,"I plugged it in, it worked fine, learning curve took 10 min. tops.","I plugged it in, it worked fine, learning curve took 10 min. tops.",0.023427071,0.3492827,0.62729025,0.6038632,positive,False
5.0,Great for watching Fire TV on your system!,"I was a former employee of DIRECTV and received free service from them. Now that that's over this is a great replacement, small and simple!  Just plug it into your TV's USB, or your sound system USB and it will connect to your TV and provide outstand sound and video. You will need a sound system that supports HDMI CP,  it also has apps installed for SLING TV Netflix Hulu and more. I highly recommend this product. Like everything Amazon it's great!",[],B00ZV9RDKK,B075X8471B,AHGOGIXBW2O3FNOR6TNS62IRGFGQ,1520900791075,0,True,2018-03-13 00:26:31.075,2018,2018-03,"I was a former employee of DIRECTV and received free service from them. Now that that's over this is a great replacement, small and simple! Just plug it into your TV's USB, or your sound system USB and it will connect to your TV and provide outstand sound and video. You will need a sound system that supports HDMI CP, it also has apps installed for SLING TV Netflix Hulu and more. I highly recommend this product. Like everything Amazon it's great!","I was a former employee of DIRECTV and received free service from them. Now that that's over this is a great replacement, small and simple! Just plug it into your TV's USB, or your sound system USB and it will connect to your TV and provide outstand sound and video. You will need a sound system that supports HDMI CP, it also has apps installed for SLING TV Netflix Hulu and more. I highly recommend this product. Like everything Amazon it's great!",0.0062383055,0.0767106,0.91705114,0.91081285,positive,False
5.0,My new prime time.,"I can't wait to cancel my cable after the contract ends. Fire Stick, where have you been all of my life?",[],B00ZV9RDKK,B075X8471B,AHAI6LV7UU6FMXZ4KJB2FWPQMZDQ,1483221511000,0,True,2016-12-31 21:58:31.000,2016,2016-12,"I can't wait to cancel my cable after the contract ends. Fire Stick, where have you been all of my life?","I can't wait to cancel my cable after the contract ends. Fire Stick, where have you been all of my life?",0.7217277,0.18785724,0.09041503,-0.6313127,negative,True
4.0,Four Stars,very good product with a lot of upward possibilities.,[],B00ZV9RDKK,B075X8471B,AF777E6YEDHFRCUBOQ4JVTT235EA,1491490568000,0,True,2017-04-06 14:56:08.000,2017,2017-04,very good product with a lot of upward possibilities.,very good product with a lot of upward possibilities.,0.004616099,0.01849342,0.97689044,0.97227436,positive,False
5.0,"Drop your cable immediately, this is all you need!","Prime Video, Netflix, Showtime, HBO = YOUR GOOD! Be sure & get the Echo Studio & Echo Subwoofer 🔊 because these are made for each other and your mind will be blown away!","[{'small_image_url': 'https://images-na.ssl-images-amazon.com/images/I/71Kv1epExYL._SL256_.jpg', 'medium_image_url': 'https://images-na.ssl-images-amazon.com/images/I/71Kv1epExYL._SL800_.jpg', 'large_image_url': 'https://images-na.ssl-images-amazon.com/images/I/71Kv1epExYL.jpg', 'attachment_type': 'IMAGE'}]",B00ZV9RDKK,B075X8471B,AE4ACSEKJYS64UVRAPXPIOMTXE6Q,1545532918075,2,True,2018-12-23 02:41:58.075,2018,2018-12,"Prime Video, Netflix, Showtime, HBO = YOUR GOOD! Be sure & get the Echo Studio & Echo Subwoofer 🔊 because these are made for each other and your mind will be blown away!","Prime Video, Netflix, Showtime, HBO = YOUR GOOD! Be sure & get the Echo Studio & Echo Subwoofer 🔊 because these are made for each other and your mind will be blown away!",0.001885699,0.024220563,0.9738937,0.972008,positive,False
5.0,Excellent product!,I bought 2 for my kids and I am going to purchased 2 more for the other TV's in the house. They are so easy to use and you save tons of money not paying cable for all those unnecessary stations. You Can't go wrong and the price is so reasonable.,[],B00ZV9RDKK,B075X8471B,AEYYVSJ7EC5RPPADRT2DDCM6F44Q,1483994026000,0,True,2017-01-09 20:33:46.000,2017,2017-01,I bought 2 for my kids and I am going to purchased 2 more for the other TV's in the house. They are so easy to use and you save tons of money not paying cable for all those unnecessary stations. You Can't go wrong and the price is so reasonable.,I bought 2 for my kids and I am going to purchased 2 more for the other TV's in the house. They are so easy to use and you save tons of money not paying cable for all those unnecessary stations. You Can't go wrong and the price is so reasonable.,0.009223217,0.0760637,0.9147131,0.90548986,positive,False
5.0,Fun,Easy to set up and have alot of choices to watch.,[],B00ZV9RDKK,B075X8471B,AHMX3RGGDJD4EIF5Y44I2G3VVFKQ,1544294499342,0,True,2018-12-08 18:41:39.342,2018,2018-12,Easy to set up and have alot of choices to watch.,Easy to set up and have alot of choices to watch.,0.009763128,0.2071952,0.78304166,0.77327853,positive,False
5.0,Five Stars,I love having access on my non-smart TV.,[],B00ZV9RDKK,B075X8471B,AFR54P6UUIVEB25I7BIBGD4YZKHQ,1487158263000,0,True,2017-02-15 11:31:03.000,2017,2017-02,I love having access on my non-smart TV.,I love having access on my non-smart TV.,0.004832349,0.031854067,0.9633136,0.95848125,positive,False
4.0,Four Stars,Fire stick nice product,[],B00ZV9RDKK,B075X8471B,AHD3MQVQ3EANPRSDXZQUXKNOXFQA,1499884361086,0,True,2017-07-12 18:32:41.086,2017,2017-07,Fire stick nice product,Fire stick nice product,0.008621074,0.054469943,0.93690896,0.92828786,positive,False
5.0,Easy install,"Easy to install, easy to use, opened a whole new world of entertainment for me from music to tv to movies and exercise videos.",[],B00ZV9RDKK,B075X8471B,AG6F2GGMJI7PHNDZOI2XJC4YX7UQ,1533496694693,0,True,2018-08-05 19:18:14.693,2018,2018-08,"Easy to install, easy to use, opened a whole new world of entertainment for me from music to tv to movies and exercise videos.","Easy to install, easy to use, opened a whole new world of entertainment for me from music to tv to movies and exercise videos.",0.0024829924,0.036945373,0.96057165,0.95808864,positive,False
5.0,Five Stars,Love this can watch all your shows no matter where you are.,[],B00ZV9RDKK,B075X8471B,AFI25MIU4RARZIKJAZUL2K5PO4TA,1523987846451,0,True,2018-04-17 17:57:26.451,2018,2018-04,Love this can watch all your shows no matter where you are.,Love this can watch all your shows no matter where you are.,0.003035008,0.01885291,0.9781121,0.9750771,positive,False
5.0,Five Stars,Great product. Love it!,[],B00ZV9RDKK,B075X8471B,AGZDVIOHXWWKIR2QR24MK677F5YA,1519132081530,0,True,2018-02-20 13:08:01.530,2018,2018-02,Great product. Love it!,Great product. Love it!,0.00481434,0.009768132,0.9854175,0.98060316,positive,False
5.0,Five Stars,"Great product! Very, very happy with it. Worth every penny. Great value.",[],B00ZV9RDKK,B075X8471B,AGYIWPYLQGUWTE77DOJCVAYB4DVA,1484457187000,0,True,2017-01-15 05:13:07.000,2017,2017-01,"Great product! Very, very happy with it. Worth every penny. Great value.","Great product! Very, very happy with it. Worth every penny. Great value.",0.0040855333,0.00706396,0.98885053,0.984765,positive,False
5.0,Fast and Simple way to use streaming media,Love the Amazon Fire Stick. Fast and simple to set up.,[],B00ZV9RDKK,B075X8471B,AGSNLIG4ITJC3XBJBSAVHWPI7LRQ,1486705646000,0,True,2017-02-10 05:47:26.000,2017,2017-02,Love the Amazon Fire Stick. Fast and simple to set up.,Love the Amazon Fire Stick. Fast and simple to set up.,0.002636569,0.012016574,0.9853469,0.98271036,positive,False
5.0,I love it,Love my fire sticks,[],B00ZV9RDKK,B075X8471B,AFTSEMXFDHKFES5PQ2DKTC2MWA6A,1551450608336,0,True,2019-03-01 14:30:08.336,2019,2019-03,Love my fire sticks,Love my fire sticks,0.008270519,0.030917762,0.96081173,0.95254123,positive,False
4.0,"What a difference, no back talk 🎃","Love the new kindle fire stick, but now we are having problems with using the correct one.  it looks EXACTLY like the other older models. I really wish that there was a difference between them.  (Even a small one)..think about it PLEASE. Other than that I can only heap wonderful praises about it.  Super fast,  and the best thing is &#34;it doesn't talk back&#34;, just finds what I ask it.",[],B00ZV9RDKK,B075X8471B,AGTWOG2V2NE7NWK2AFCPZ5ZCD3AA,1477364017000,0,True,2016-10-25 02:53:37.000,2016,2016-10,"Love the new kindle fire stick, but now we are having problems with using the correct one. it looks EXACTLY like the other older models. I really wish that there was a difference between them. (Even a small one)..think about it PLEASE. Other than that I can only heap wonderful praises about it. Super fast, and the best thing is &#34;it doesn't talk back&#34;, just finds what I ask it.","Love the new kindle fire stick, but now we are having problems with using the correct one. it looks EXACTLY like the other older models. I really wish that there was a difference between them. (Even a small one)..think about it PLEASE. Other than that I can only heap wonderful praises about it. Super fast, and the best thing is &#34;it doesn't talk back&#34;, just finds what I ask it.",0.44912118,0.2206768,0.33020204,-0.118919134,negative,True
5.0,Works great!,"As advertised, Works great!",[],B00ZV9RDKK,B075X8471B,AFC2CWXWLLNRZEGCI3VAOOLMRNAA,1493714177000,0,True,2017-05-02 08:36:17.000,2017,2017-05,"As advertised, Works great!","As advertised, Works great!",0.003610777,0.022647327,0.9737419,0.9701311,positive,False
4.0,Pretty good,I like being able to add what I want and watch what I want. It was easy to set up and program. The only thing I didn't really care for was the fact that the part that goes into my HDMI outlet has to be plugged into an electric socket. I thought that it just needed to be placed into the HDMI port and it didn't need anything else.,[],B00ZV9RDKK,B075X8471B,AFJIXC3AKWXXFCF3Z2THBGTYJHYQ,1517776080180,2,True,2018-02-04 20:28:00.180,2018,2018-02,I like being able to add what I want and watch what I want. It was easy to set up and program. The only thing I didn't really care for was the fact that the part that goes into my HDMI outlet has to be plugged into an electric socket. I thought that it just needed to be placed into the HDMI port and it didn't need anything else.,I like being able to add what I want and watch what I want. It was easy to set up and program. The only thing I didn't really care for was the fact that the part that goes into my HDMI outlet has to be plugged into an electric socket. I thought that it just needed to be placed into the HDMI port and it didn't need anything else.,0.024020901,0.2674468,0.70853233,0.6845114,positive,False
5.0,Five Stars,Satisfied,[],B00ZV9RDKK,B075X8471B,AE6UQ5OEITGH2CSNZRTXH4P7PGHA,1518837703126,0,True,2018-02-17 03:21:43.126,2018,2018-02,Satisfied,Satisfied,0.013149967,0.12057869,0.8662714,0.8531214,positive,False
5.0,The best so far...,The fire stick is great for my prime tv watching gave one to my son...,[],B00ZV9RDKK,B075X8471B,AFCV5EOBU3IUVHKWDYQ3MTILGO6Q,1488494508000,0,True,2017-03-02 22:41:48.000,2017,2017-03,The fire stick is great for my prime tv watching gave one to my son...,The fire stick is great for my prime tv watching gave one to my son...,0.0032361166,0.028155802,0.9686081,0.96537197,positive,False
5.0,Best!,I have no clue how I've managed without this so long!  Best thing ever.  Now i want the box!,[],B00ZV9RDKK,B075X8471B,AGQ27O3NACUE3BDHVQXT55RL4VEQ,1491586736000,0,True,2017-04-07 17:38:56.000,2017,2017-04,I have no clue how I've managed without this so long! Best thing ever. Now i want the box!,I have no clue how I've managed without this so long! Best thing ever. Now i want the box!,0.014649566,0.023553168,0.96179724,0.94714767,positive,False
5.0,very happy,nice software. very fast.,[],B00ZV9RDKK,B075X8471B,AGOR46NARFZQ35TJA7GVUWC7WX5Q,1541463869490,0,True,2018-11-06 00:24:29.490,2018,2018-11,nice software. very fast.,nice software. very fast.,0.007403664,0.019662896,0.9729335,0.9655298,positive,False
5.0,So happy to be able to see my amazon video in ...,"So happy to be able to see my amazon video in hd. Also netflix, pbs. Still learning what alexa can do.",[],B00ZV9RDKK,B075X8471B,AF4MIGPRPD2FQSVVNNXL427SMLHA,1479218804000,0,True,2016-11-15 14:06:44.000,2016,2016-11,"So happy to be able to see my amazon video in hd. Also netflix, pbs. Still learning what alexa can do.","So happy to be able to see my amazon video in hd. Also netflix, pbs. Still learning what alexa can do.",0.003624591,0.0262911,0.9700843,0.9664597,positive,False
5.0,Best purchase ever!,Awesome purchase,[],B00ZV9RDKK,B075X8471B,AHEAWOMBZUSWZIETX3ZFOEASDHHQ,1484385151000,1,True,2017-01-14 09:12:31.000,2017,2017-01,Awesome purchase,Awesome purchase,0.01028489,0.025241658,0.9644734,0.9541885,positive,False
5.0,"Love it, only one problem sometimes I stay up ...","First fire stick. Love it, only one problem sometimes I stay up too late watching movies.",[],B00ZV9RDKK,B075X8471B,AF3G7F3IM32TQZTTGWQE4VQJ5ZZQ,1519917094136,0,True,2018-03-01 15:11:34.136,2018,2018-03,"First fire stick. Love it, only one problem sometimes I stay up too late watching movies.","First fire stick. Love it, only one problem sometimes I stay up too late watching movies.",0.022802657,0.080336064,0.89686126,0.8740586,positive,False
4.0,Good with some reservations but overlooked for the price,"The remote is a little hard to press. The interface is good but sometimes on my Samsung smart TV, I have sound issues, e.g., no sound requiring rebooting the device or shutting off the TV. Sometimes it causes no sound from my Chromecast in another HDMI slot. Unlike with Chromecast, I haven't found an app allowing me to cast or even search Amazon videos and cast them",[],B00ZV9RDKK,B075X8471B,AGOL5R2RPTK4SYEFSILKAPTXB5LA,1478990726000,0,True,2016-11-12 22:45:26.000,2016,2016-11,"The remote is a little hard to press. The interface is good but sometimes on my Samsung smart TV, I have sound issues, e.g., no sound requiring rebooting the device or shutting off the TV. Sometimes it causes no sound from my Chromecast in another HDMI slot. Unlike with Chromecast, I haven't found an app allowing me to cast or even search Amazon videos and cast them","The remote is a little hard to press. The interface is good but sometimes on my Samsung smart TV, I have sound issues, e.g., no sound requiring rebooting the device or shutting off the TV. Sometimes it causes no sound from my Chromecast in another HDMI slot. Unlike with Chromecast, I haven't found an app allowing me to cast or even search Amazon videos and cast them",0.56296605,0.38316262,0.053871356,-0.5090947,negative,True
3.0,basically the purchase is just turn you tv in a smart tv. We use it only because all the ...,My biggest complaint is the remote control. On my tv which include all the firestick has I can turn tv off on and control volume. WHY would you not have this on a remote? On what planet does not a remote control have a power and volume button. basically the purchase is just turn you tv in a smart tv. We use it only because all the stations are on one remote but have to have another to mute etc,[],B00ZV9RDKK,B075X8471B,AGLYA3RAEH5LDG2RYGXUR76TMU4Q,1486505138000,1,True,2017-02-07 22:05:38.000,2017,2017-02,My biggest complaint is the remote control. On my tv which include all the firestick has I can turn tv off on and control volume. WHY would you not have this on a remote? On what planet does not a remote control have a power and volume button. basically the purchase is just turn you tv in a smart tv. We use it only because all the stations are on one remote but have to have another to mute etc,My biggest complaint is the remote control. On my tv which include all the firestick has I can turn tv off on and control volume. WHY would you not have this on a remote? On what planet does not a remote control have a power and volume button. basically the purchase is just turn you tv in a smart tv. We use it only because all the stations are on one remote but have to have another to mute etc,0.6219581,0.33989474,0.038147196,-0.58381087,negative,False
5.0,Fire TV Stick - Best streaming device!,Amazing streaming apps and works great with Amazon Prime features.,[],B00ZV9RDKK,B075X8471B,AGOCRU256K5BBRI2UYGVEOG3LTTA,1521490458075,0,True,2018-03-19 20:14:18.075,2018,2018-03,Amazing streaming apps and works great with Amazon Prime features.,Amazing streaming apps and works great with Amazon Prime features.,0.0022788993,0.012022322,0.98569876,0.98341984,positive,False
5.0,Great investment,"The Fire Stick was easy to set up.  It solved two basic problems we were having.  The first, was constant buffering while trying to watch Amazon Prime videos during peak usage hours.  It has not buffered at all since we installed the fire stick.  The second, problem was that we have a Samsung TV and Amazon no longer supports Amazon music on it.  The Fire Stick allows us to access our music library without any issues.  For the price the Fire Stick  is an excellent investment.",[],B00ZV9RDKK,B075X8471B,AHHZJOKY2SIEMGSCZQSK2PYQOCQA,1482111289000,0,True,2016-12-19 01:34:49.000,2016,2016-12,"The Fire Stick was easy to set up. It solved two basic problems we were having. The first, was constant buffering while trying to watch Amazon Prime videos during peak usage hours. It has not buffered at all since we installed the fire stick. The second, problem was that we have a Samsung TV and Amazon no longer supports Amazon music on it. The Fire Stick allows us to access our music library without any issues. For the price the Fire Stick is an excellent investment.","The Fire Stick was easy to set up. It solved two basic problems we were having. The first, was constant buffering while trying to watch Amazon Prime videos during peak usage hours. It has not buffered at all since we installed the fire stick. The second, problem was that we have a Samsung TV and Amazon no longer supports Amazon music on it. The Fire Stick allows us to access our music library without any issues. For the price the Fire Stick is an excellent investment.",0.06390133,0.3155106,0.62058806,0.55668676,positive,False
4.0,With Prime this is a great buy,"I really like this device. I thought that I wouldn't be able to cast to the device, and then I found out that I could download the app natively; meaning no need to cast from my smartphone. I'm not fond of the programming, but I like the fact that I have access to Prime. This wouldn't be a good device without Prime, because of the inability to cast from my smartphone. I also like the fact that it gives me access to Amazon Music. That's a really great feature when I just want to listen to music. Wish it was capable of USB power from the TV. The remote is difficult to open, so be prepared to fight with that.",[],B00ZV9RDKK,B075X8471B,AHXKDYQYHMVBVUAPFQGJDEZU7K3A,1517676514373,0,True,2018-02-03 16:48:34.373,2018,2018-02,"I really like this device. I thought that I wouldn't be able to cast to the device, and then I found out that I could download the app natively; meaning no need to cast from my smartphone. I'm not fond of the programming, but I like the fact that I have access to Prime. This wouldn't be a good device without Prime, because of the inability to cast from my smartphone. I also like the fact that it gives me access to Amazon Music. That's a really great feature when I just want to listen to music. Wish it was capable of USB power from the TV. The remote is difficult to open, so be prepared to fight with that.","I really like this device. I thought that I wouldn't be able to cast to the device, and then I found out that I could download the app natively; meaning no need to cast from my smartphone. I'm not fond of the programming, but I like the fact that I have access to Prime. This wouldn't be a good device without Prime, because of the inability to cast from my smartphone. I also like the fact that it gives me access to Amazon Music. That's a really great feature when I just want to listen to music. Wish it was",0.014681296,0.07640559,0.9089131,0.8942318,positive,False
5.0,Works as advertised - impressively,"Had it up and running in minutes - no problems or worries.<br />I'm not sure what the ""issues"" are that some people have with this. Of course, I'm only using it on one tv and it happens to be sitting a couple inches from my modem/wireless router, so...<br />I don't always get the best response using Alexa voice commands to search but I think that will improve as the Alexa system matures.",[],B00ZV9RDKK,B075X8471B,AHZUD2SC7FXVRTNVECGU5OVE3TRA,1544762658005,0,True,2018-12-14 04:44:18.005,2018,2018-12,"Had it up and running in minutes - no problems or worries. I'm not sure what the ""issues"" are that some people have with this. Of course, I'm only using it on one tv and it happens to be sitting a couple inches from my modem/wireless router, so... I don't always get the best response using Alexa voice commands to search but I think that will improve as the Alexa system matures.","Had it up and running in minutes - no problems or worries. I'm not sure what the ""issues"" are that some people have with this. Of course, I'm only using it on one tv and it happens to be sitting a couple inches from my modem/wireless router, so... I don't always get the best response using Alexa voice commands to search but I think that will improve as the Alexa system matures.",0.115674704,0.46000227,0.424323,0.3086483,neutral,False
5.0,Use the Fire TV app if remote not working ... Flawless Streaming,"Update:  if the remote doesn’t seem to work very good, download the fire tv app and control the tv from your phone. The app ALWAYS works where sometimes the remote seems to hang up. Fire TV: Streams flawlessly, no pixelation at all. Pre loaded with all of my amazon prime preferences. Probably the best purchase i’ve made in the last several years. Will never ever go back to cable. And I get local news and information too. Love it!!!",[],B00ZV9RDKK,B075X8471B,AENZTWPVE42HP3SPMAN5GLQ4VDBA,1515245828752,1,True,2018-01-06 13:37:08.752,2018,2018-01,"Update: if the remote doesn’t seem to work very good, download the fire tv app and control the tv from your phone. The app ALWAYS works where sometimes the remote seems to hang up. Fire TV: Streams flawlessly, no pixelation at all. Pre loaded with all of my amazon prime preferences. Probably the best purchase i’ve made in the last several years. Will never ever go back to cable. And I get local news and information too. Love it!!!","Update: if the remote doesn’t seem to work very good, download the fire tv app and control the tv from your phone. The app ALWAYS works where sometimes the remote seems to hang up. Fire TV: Streams flawlessly, no pixelation at all. Pre loaded with all of my amazon prime preferences. Probably the best purchase i’ve made in the last several years. Will never ever go back to cable. And I get local news and information too. Love it!!!",0.05111106,0.31753182,0.63135713,0.5802461,positive,False
4.0,Great for the most part.,"I like it for the most part.  The Firestick is easy to install, move around and use.  It has plenty of great viewing options.  However, the one thing holding me back from a full five stars is I cannot get Netflix to play in 1080.  I have searched and there is no way to change the download/playback quality.  I did some internet searching and that seems to be problem with the Firestick playing Netflix.  Amazon Prime movies are great in 1080 through my Firestick.  When trying to use Netflix in outrtheater room on a 106&#34; screen, less than 1080 stinks.",[],B00ZV9RDKK,B075X8471B,AG3BUKTFR5GHARWD4HI3B26YRNSQ,1503450576004,1,True,2017-08-23 01:09:36.004,2017,2017-08,"I like it for the most part. The Firestick is easy to install, move around and use. It has plenty of great viewing options. However, the one thing holding me back from a full five stars is I cannot get Netflix to play in 1080. I have searched and there is no way to change the download/playback quality. I did some internet searching and that seems to be problem with the Firestick playing Netflix. Amazon Prime movies are great in 1080 through my Firestick. When trying to use Netflix in outrtheater room on a 106&#34; screen, less than 1080 stinks.","I like it for the most part. The Firestick is easy to install, move around and use. It has plenty of great viewing options. However, the one thing holding me back from a full five stars is I cannot get Netflix to play in 1080. I have searched and there is no way to change the download/playback quality. I did some internet searching and that seems to be problem with the Firestick playing Netflix. Amazon Prime movies are great in 1080 through my Firestick. When trying to use Netflix in outrtheater room on a 106&#34; screen, less than 1080 stinks.",0.057031427,0.1563487,0.7866199,0.72958845,positive,False
5.0,Five Stars,Love my firestick it's way better than the Roku.,[],B00ZV9RDKK,B075X8471B,AH4BQVUMPBWO267DXRQURKQ2Z42Q,1503036837821,0,True,2017-08-18 06:13:57.821,2017,2017-08,Love my firestick it's way better than the Roku.,Love my firestick it's way better than the Roku.,0.004618558,0.014090852,0.98129064,0.97667205,positive,False
5.0,has all the features that my Roku had plus easy integration with my Amazon account,"Works as advertised, has all the features that my Roku had plus easy integration with my Amazon account.",[],B00ZV9RDKK,B075X8471B,AHHKUQB7DDC7DI33622ZVYLAXUHQ,1483408194000,0,True,2017-01-03 01:49:54.000,2017,2017-01,"Works as advertised, has all the features that my Roku had plus easy integration with my Amazon account.","Works as advertised, has all the features that my Roku had plus easy integration with my Amazon account.",0.0040876684,0.15195529,0.843957,0.8398693,positive,False
4.0,Four Stars,I like it,[],B00ZV9RDKK,B075X8471B,AHCMHFHTCVNMOACRJMUSJD2JDIIQ,1506453755899,0,True,2017-09-26 19:22:35.899,2017,2017-09,I like it,I like it,0.027837334,0.23558246,0.73658025,0.7087429,positive,False
5.0,Cut the cable!!!,"Cut the cable...lots to see.  I just wish there were clear instructions about downloading stuff.Like all tech, it's learn as you go",[],B00ZV9RDKK,B075X8471B,AFYIGNLA7KFMVQ33UTB4R3RFVIHA,1506684931930,0,True,2017-09-29 11:35:31.930,2017,2017-09,"Cut the cable...lots to see. I just wish there were clear instructions about downloading stuff.Like all tech, it's learn as you go","Cut the cable...lots to see. I just wish there were clear instructions about downloading stuff.Like all tech, it's learn as you go",0.62769395,0.33155754,0.04074849,-0.5869455,negative,True
5.0,Five Stars,this is great.,[],B00ZV9RDKK,B075X8471B,AH4RVO25NYRNEI3FGG6ZLOZBQO5Q,1527458941623,0,True,2018-05-27 22:09:01.623,2018,2018-05,this is great.,this is great.,0.004805696,0.014497471,0.9806968,0.9758911,positive,False
5.0,Beautiful Video Quality--Much Better Than Other Devices I've Owned,"I replaced my Roku box with this Fire TV Stick because I was tired of buffering problems and lousy customer service. Have to say I love this Fire TV Stick. The VIDEO quality is SO MUCH BETTER than what I was getting via my Roku. Apparently, the device I replaced was always defaulted to 720, even though it was fully capable of 1080. This Fire TV Stick delivers consistently great quality HD with absolutely no problems. Further, there are no streaming issues like those I had with my other box.<br /><br />The Fire TV Stick is a slam-dunk easy to connect and set up. Everything you need to successfully connect to your set is in the box. I wish I'd done this sooner.",[],B00ZV9RDKK,B075X8471B,AHRQYYKEOUWW5HJU3RNRCXTXKAMA,1536514926063,0,True,2018-09-09 17:42:06.063,2018,2018-09,"I replaced my Roku box with this Fire TV Stick because I was tired of buffering problems and lousy customer service. Have to say I love this Fire TV Stick. The VIDEO quality is SO MUCH BETTER than what I was getting via my Roku. Apparently, the device I replaced was always defaulted to 720, even though it was fully capable of 1080. This Fire TV Stick delivers consistently great quality HD with absolutely no problems. Further, there are no streaming issues like those I had with my other box. The Fire TV Stick is a slam-dunk easy to connect and set up. Everything you need to successfully connect to your set is in the box. I wish I'd done this sooner.","I replaced my Roku box with this Fire TV Stick because I was tired of buffering problems and lousy customer service. Have to say I love this Fire TV Stick. The VIDEO quality is SO MUCH BETTER than what I was getting via my Roku. Apparently, the device I replaced was always defaulted to 720, even though it was fully capable of 1080. This Fire TV Stick delivers consistently great quality HD with absolutely no problems. Further, there are no streaming issues like those I had with my other box. The Fire TV Stick is a slam-dunk easy to connect",0.09389514,0.1146831,0.7914218,0.69752663,positive,False
5.0,Love it,works great and easy,[],B00ZV9RDKK,B075X8471B,AFGMI2XAPGXVXSVGCFYGIAFP7DLQ,1516914491045,0,True,2018-01-25 21:08:11.045,2018,2018-01,works great and easy,works great and easy,0.0076915855,0.022457704,0.96985066,0.9621591,positive,False
5.0,Worth purchasing!,"Ease of use.  Quickly loaded, super easy to install and use.",[],B00ZV9RDKK,B075X8471B,AEJHWWXT3LBOGQ3X63FBCOYCM3EA,1521479010328,0,True,2018-03-19 17:03:30.328,2018,2018-03,"Ease of use. Quickly loaded, super easy to install and use.","Ease of use. Quickly loaded, super easy to install and use.",0.004504139,0.051478177,0.94401765,0.9395135,positive,False
5.0,Easy to set up.,"Love it! I was afraid for so long and wouldn't buy one.  They were on special and I'm so glad I went ahead and got one.  It was ready to install and set up, it was ready to go pretty quick!",[],B00ZV9RDKK,B075X8471B,AHSUB6VNZE6QC66MOVT2UBFD6VCA,1540811758095,0,True,2018-10-29 11:15:58.095,2018,2018-10,"Love it! I was afraid for so long and wouldn't buy one. They were on special and I'm so glad I went ahead and got one. It was ready to install and set up, it was ready to go pretty quick!","Love it! I was afraid for so long and wouldn't buy one. They were on special and I'm so glad I went ahead and got one. It was ready to install and set up, it was ready to go pretty quick!",0.015304188,0.036012653,0.9486832,0.933379,positive,False
5.0,No complaints,No complaints,[],B00ZV9RDKK,B075X8471B,AFPB5JBFXHRCXTZJUYYWFQOEHIWQ,1489694891000,0,True,2017-03-16 20:08:11.000,2017,2017-03,No complaints,No complaints,0.10534544,0.46247602,0.43217862,0.3268332,neutral,False
5.0,Highly Recommend,I LOVE MY FIRESTICKS!  I keep buying and gifting.,[],B00ZV9RDKK,B075X8471B,AFVTOWHGU6KGSTWEAIZL4YHKGARQ,1534285152704,0,True,2018-08-14 22:19:12.704,2018,2018-08,I LOVE MY FIRESTICKS! I keep buying and gifting.,I LOVE MY FIRESTICKS! I keep buying and gifting.,0.004110233,0.008735977,0.9871538,0.9830436,positive,False
5.0,Easy set up. So much to watch.,"Love how all you have to do is say what show you want to watch. It was easy to set up and we ordered prime a few week later and we have so many shows and movies, music to watch and listen to.",[],B00ZV9RDKK,B075X8471B,AF4YYCQI3Q4DRLPLKQNSAK5EWVHQ,1538605219170,0,True,2018-10-03 22:20:19.170,2018,2018-10,"Love how all you have to do is say what show you want to watch. It was easy to set up and we ordered prime a few week later and we have so many shows and movies, music to watch and listen to.","Love how all you have to do is say what show you want to watch. It was easy to set up and we ordered prime a few week later and we have so many shows and movies, music to watch and listen to.",0.0038903884,0.054581136,0.94152844,0.93763804,positive,False
2.0,Don’t know.,It is hard to maneuver. I can’t seem to find the same things on tv that come up on my iPad.,[],B00ZV9RDKK,B075X8471B,AG65I47YIVI25QJB4AMELZPOHVEQ,1519838480719,0,True,2018-02-28 17:21:20.719,2018,2018-02,It is hard to maneuver. I can’t seem to find the same things on tv that come up on my iPad.,It is hard to maneuver. I can’t seem to find the same things on tv that come up on my iPad.,0.79695207,0.18939707,0.013650875,-0.7833012,negative,False
1.0,It sucks!! I couldnt use it to get the ...,"It sucks!! I couldnt use it to get the spectrum/bright house app to watch my cable tv. Had to go by a Roku with the voice. And return this one. No fair, I wanted to use Alexa.",[],B00ZV9RDKK,B075X8471B,AFBFWRJFUOOQPV5K3WARIHBCE5HQ,1513305219827,1,True,2017-12-15 02:33:39.827,2017,2017-12,"It sucks!! I couldnt use it to get the spectrum/bright house app to watch my cable tv. Had to go by a Roku with the voice. And return this one. No fair, I wanted to use Alexa.","It sucks!! I couldnt use it to get the spectrum/bright house app to watch my cable tv. Had to go by a Roku with the voice. And return this one. No fair, I wanted to use Alexa.",0.91671735,0.07605538,0.0072273077,-0.90949005,negative,False
5.0,Enjoy having it,Works well! Enjoy having it!,[],B00ZV9RDKK,B075X8471B,AF2L5WK4X4ASVGA2REWJTZXA3VCQ,1487726496000,0,True,2017-02-22 01:21:36.000,2017,2017-02,Works well! Enjoy having it!,Works well! Enjoy having it!,0.0038735822,0.015654853,0.9804716,0.976598,positive,False
5.0,Easy to use.,Easy to use. Easy to set up. I  have 3 no more cable here.,[],B00ZV9RDKK,B075X8471B,AEUXCVRMWYT52Z5XUVG53FKXXXNA,1589778502557,0,True,2020-05-18 05:08:22.557,2020,2020-05,Easy to use. Easy to set up. I have 3 no more cable here.,Easy to use. Easy to set up. I have 3 no more cable here.,0.010403044,0.20976028,0.77983665,0.7694336,positive,False
5.0,Love this thing!,"I was worried about lag with the streaming; we live outside town and our internet speed is fast enough for internet searches, but never fast enough to stream movies.  But with the Fire TV Stick, we've been able to watch movies without any lag or buffering at all.  Best of all, we've discovered the made for Amazon Prime show Goliath.  Love it!  This was a great buy.  May have to get another one for other tvs.",[],B00ZV9RDKK,B075X8471B,AHYKEZTRYXRZFNGXLJMIA2WIOX6Q,1480434840000,0,True,2016-11-29 15:54:00.000,2016,2016-11,"I was worried about lag with the streaming; we live outside town and our internet speed is fast enough for internet searches, but never fast enough to stream movies. But with the Fire TV Stick, we've been able to watch movies without any lag or buffering at all. Best of all, we've discovered the made for Amazon Prime show Goliath. Love it! This was a great buy. May have to get another one for other tvs.","I was worried about lag with the streaming; we live outside town and our internet speed is fast enough for internet searches, but never fast enough to stream movies. But with the Fire TV Stick, we've been able to watch movies without any lag or buffering at all. Best of all, we've discovered the made for Amazon Prime show Goliath. Love it! This was a great buy. May have to get another one for other tvs.",0.054314524,0.25648046,0.68920505,0.63489056,positive,False
5.0,Five Stars,Step by step instruction and very easy to set up.,[],B00ZV9RDKK,B075X8471B,AHTKVD7ALC5ZJE7CITNVBFKSOZOQ,1524101099449,0,True,2018-04-19 01:24:59.449,2018,2018-04,Step by step instruction and very easy to set up.,Step by step instruction and very easy to set up.,0.0066273157,0.13626905,0.85710365,0.8504763,positive,False
5.0,Five Stars,"Great product, good alternative to not having a cable line",[],B00ZV9RDKK,B075X8471B,AHAWREKGNO6RQNSV2CHGIPAEI5FQ,1521751405986,0,True,2018-03-22 20:43:25.986,2018,2018-03,"Great product, good alternative to not having a cable line","Great product, good alternative to not having a cable line",0.009407691,0.044501238,0.94609106,0.93668336,positive,False
5.0,Love it!,Love the voice recognition.....we now have 2 in our home.  My husband uses our old one in the man cave to watch his NBA ticket....I use the upstairs one to watch amazon prime videos and TV programs! I used to watch these on my fire or tablet.  Now my daughter wants one.,[],B00ZV9RDKK,B075X8471B,AGTIW4HJU22L2XPNJWGXRBACPOQA,1479388757000,0,True,2016-11-17 13:19:17.000,2016,2016-11,Love the voice recognition.....we now have 2 in our home. My husband uses our old one in the man cave to watch his NBA ticket....I use the upstairs one to watch amazon prime videos and TV programs! I used to watch these on my fire or tablet. Now my daughter wants one.,Love the voice recognition.....we now have 2 in our home. My husband uses our old one in the man cave to watch his NBA ticket....I use the upstairs one to watch amazon prime videos and TV programs! I used to watch these on my fire or tablet. Now my daughter wants one.,0.0029198045,0.08056926,0.9165109,0.9135911,positive,False
5.0,Plenty of good stuff with my Prime Access right now,"My only issue is having to be careful in not ordering the videos and services that have additional fees.  They are soo tempting!  Plenty of good stuff with my Prime Access right now.  Way better options than my Dish Network, and much more cost effective.  As soon as that contract is up, it is HISTORY.",[],B00ZV9RDKK,B075X8471B,AGQICBIQI3DGYYIG4LJME7AAGRTQ,1478447289000,0,True,2016-11-06 15:48:09.000,2016,2016-11,"My only issue is having to be careful in not ordering the videos and services that have additional fees. They are soo tempting! Plenty of good stuff with my Prime Access right now. Way better options than my Dish Network, and much more cost effective. As soon as that contract is up, it is HISTORY.","My only issue is having to be careful in not ordering the videos and services that have additional fees. They are soo tempting! Plenty of good stuff with my Prime Access right now. Way better options than my Dish Network, and much more cost effective. As soon as that contract is up, it is HISTORY.",0.020791927,0.0893257,0.8898824,0.86909044,positive,False
5.0,More movies then on game system,It so nice to have more movies to view.,[],B00ZV9RDKK,B075X8471B,AG22NZO7EV7E2YSE5V227AVH2VKA,1516905120052,0,True,2018-01-25 18:32:00.052,2018,2018-01,It so nice to have more movies to view.,It so nice to have more movies to view.,0.002691737,0.020229919,0.9770783,0.9743866,positive,False
1.0,Buy them at Target or Best buy instead.,"This needs a zero. I bought this as a gift for my father. It didn't work and we've had nothing but issues trying to get a replacement. They can't find the payment, because it was a gift had the nerve to ask for my credit card (not a chance in hell b$#@)..now offering a gift card. It's been 3 months. Still not right. Not happy.",[],B00ZV9RDKK,B075X8471B,AGZJT3LSOI7FR5JUK2CKHGIQPU3Q,1531693367044,2,True,2018-07-15 22:22:47.044,2018,2018-07,"This needs a zero. I bought this as a gift for my father. It didn't work and we've had nothing but issues trying to get a replacement. They can't find the payment, because it was a gift had the nerve to ask for my credit card (not a chance in hell b$#@)..now offering a gift card. It's been 3 months. Still not right. Not happy.","This needs a zero. I bought this as a gift for my father. It didn't work and we've had nothing but issues trying to get a replacement. They can't find the payment, because it was a gift had the nerve to ask for my credit card (not a chance in hell b$#@)..now offering a gift card. It's been 3 months. Still not right. Not happy.",0.9368444,0.05807629,0.005079336,-0.9317651,negative,False
2.0,Love the versatility but was hard to set up and ...,"Love the versatility but was hard to set up and often loses connection with internet mid program then gets stuck on scanning screen. I have to take it out of the tv and then reinsert after a few minutes, I thought at first it may be my service provider but every other device would be working except the fire stick. Hate that it never turns off like most devices and when I have to take it out from tv is always very hot I always worry I’m going to leave a d a fire happens.",[],B00ZV9RDKK,B075X8471B,AH45LRNJLNIU6ORFLMHKPVKG6QOA,1527962922965,0,True,2018-06-02 18:08:42.965,2018,2018-06,"Love the versatility but was hard to set up and often loses connection with internet mid program then gets stuck on scanning screen. I have to take it out of the tv and then reinsert after a few minutes, I thought at first it may be my service provider but every other device would be working except the fire stick. Hate that it never turns off like most devices and when I have to take it out from tv is always very hot I always worry I’m going to leave a d a fire happens.","Love the versatility but was hard to set up and often loses connection with internet mid program then gets stuck on scanning screen. I have to take it out of the tv and then reinsert after a few minutes, I thought at first it may be my service provider but every other device would be working except the fire stick. Hate that it never turns off like most devices and when I have to take it out from tv is always very hot I always worry I’m going to leave a d a fire happens.",0.7210813,0.23625784,0.042660832,-0.6784205,negative,False
5.0,Love,Love it!!!!,[],B00ZV9RDKK,B075X8471B,AFD3EKJAUZ7D7LHXONKAC2L7HBUA,1502831311945,0,True,2017-08-15 21:08:31.945,2017,2017-08,Love it!!!!,Love it!!!!,0.004511068,0.019792173,0.9756968,0.97118574,positive,False
5.0,We should have bought this a long time ago,"This is such a great product.  Reading through past reviews on more than one it was suggested to download kodi.  Once my fire TV stick arrived I went to You Tube & looked up Download Kodi & it played a video walking me through each step.  We've been able to watch so many different movies & tv shows that we no longer need cable.  We should have bought one of these a long time ago, they are more than worth the cost.",[],B00ZV9RDKK,B075X8471B,AGYQIGJSBGH2KK4L2PWLIXVSMTRA,1515287143688,0,True,2018-01-07 01:05:43.688,2018,2018-01,"This is such a great product. Reading through past reviews on more than one it was suggested to download kodi. Once my fire TV stick arrived I went to You Tube & looked up Download Kodi & it played a video walking me through each step. We've been able to watch so many different movies & tv shows that we no longer need cable. We should have bought one of these a long time ago, they are more than worth the cost.","This is such a great product. Reading through past reviews on more than one it was suggested to download kodi. Once my fire TV stick arrived I went to You Tube & looked up Download Kodi & it played a video walking me through each step. We've been able to watch so many different movies & tv shows that we no longer need cable. We should have bought one of these a long time ago, they are more than worth the cost.",0.003953625,0.036311366,0.95973504,0.9557814,positive,False
5.0,love,"love this fantastic selection o apps, movies and tv, do not need direct tv anylonger",[],B00ZV9RDKK,B075X8471B,AECX5CEJ43EPQFS4YVJKI6ZSQZ3A,1533652091415,0,True,2018-08-07 14:28:11.415,2018,2018-08,"love this fantastic selection o apps, movies and tv, do not need direct tv anylonger","love this fantastic selection o apps, movies and tv, do not need direct tv anylonger",0.0050121327,0.016314993,0.9786728,0.97366065,positive,False
5.0,Recommend,Love this.  Bought a second one.  Alexa makes it so simple to find what I want.  Also a slight problem setting up but excellent customer service from Amazon got me up and running.,[],B00ZV9RDKK,B075X8471B,AGPDI3HH7YNVDUEAMHXBOP6SK3CQ,1526550379926,0,True,2018-05-17 09:46:19.926,2018,2018-05,Love this. Bought a second one. Alexa makes it so simple to find what I want. Also a slight problem setting up but excellent customer service from Amazon got me up and running.,Love this. Bought a second one. Alexa makes it so simple to find what I want. Also a slight problem setting up but excellent customer service from Amazon got me up and running.,0.0048790355,0.023507793,0.97161317,0.9667341,positive,False
5.0,LOVE IT!,where has this been my whole life. LOVE IT!,[],B00ZV9RDKK,B075X8471B,AFOTKK23OZECVHQFQJFDTCTO33QA,1513641990361,0,True,2017-12-19 00:06:30.361,2017,2017-12,where has this been my whole life. LOVE IT!,where has this been my whole life. LOVE IT!,0.007260528,0.017238835,0.97550064,0.96824014,positive,False
4.0,I have recommended this to friends,Great to make a &#34;dumb&#34; TV into a Smart TV. Only problem was that the remote was not paired to the stick when I got it. And it took longer than the instructions say to get them to pair. As for that &#34;voice&#34; thing. I don't think it likes my voice. At 50% off it was a good deal to grab since I already had one other.,[],B00ZV9RDKK,B075X8471B,AFP3XSNVNF2XLKIGIADX3JGKA4HA,1532698649186,0,True,2018-07-27 13:37:29.186,2018,2018-07,Great to make a &#34;dumb&#34; TV into a Smart TV. Only problem was that the remote was not paired to the stick when I got it. And it took longer than the instructions say to get them to pair. As for that &#34;voice&#34; thing. I don't think it likes my voice. At 50% off it was a good deal to grab since I already had one other.,Great to make a &#34;dumb&#34; TV into a Smart TV. Only problem was that the remote was not paired to the stick when I got it. And it took longer than the instructions say to get them to pair. As for that &#34;voice&#34; thing. I don't think it likes my voice. At 50% off it was a good deal to grab since I already had one other.,0.49125147,0.28649476,0.22225375,-0.26899773,negative,True
3.0,Needed more information on how to use the software.,Lack of information on it. It could have came with more information and directions on how to use it.,[],B00ZV9RDKK,B075X8471B,AENVUXJZGXGEFVDALPYACZL3WXDA,1538325584757,0,True,2018-09-30 16:39:44.757,2018,2018-09,Lack of information on it. It could have came with more information and directions on how to use it.,Lack of information on it. It could have came with more information and directions on how to use it.,0.68754315,0.29368335,0.01877346,-0.6687697,negative,False
5.0,Five Stars,I can watch anything I want.,[],B00ZV9RDKK,B075X8471B,AE3XSR2BA5DRI5YUHL7DTCDPEAOA,1495080784000,0,True,2017-05-18 04:13:04.000,2017,2017-05,I can watch anything I want.,I can watch anything I want.,0.010235265,0.3241312,0.66563356,0.6553983,positive,False
5.0,Love this,Love this,[],B00ZV9RDKK,B075X8471B,AEFZVJLBMSFFAMSLR74ICOBJ2NKQ,1540496136222,0,True,2018-10-25 19:35:36.222,2018,2018-10,Love this,Love this,0.009779547,0.045108113,0.9451123,0.9353327,positive,False
5.0,I like the way the Fire Stick works,I like the way the Fire Stick works. I haven't used the Voice Remote. The stick works faster for me then the Xbox I used to watch TV with.,[],B00ZV9RDKK,B075X8471B,AG6O4ZXUWRZSOAHFVPCLYDIEH4VQ,1484000063000,0,True,2017-01-09 22:14:23.000,2017,2017-01,I like the way the Fire Stick works. I haven't used the Voice Remote. The stick works faster for me then the Xbox I used to watch TV with.,I like the way the Fire Stick works. I haven't used the Voice Remote. The stick works faster for me then the Xbox I used to watch TV with.,0.009863531,0.09713241,0.89300406,0.8831405,positive,False
3.0,It Is What It Is,"Nothing to rave about, it is what it is.",[],B00ZV9RDKK,B075X8471B,AFKM32YGBDJ3BADLNT2HDUDSAP2A,1520525578717,0,True,2018-03-08 16:12:58.717,2018,2018-03,"Nothing to rave about, it is what it is.","Nothing to rave about, it is what it is.",0.15742293,0.46962115,0.37295586,0.21553293,neutral,False
5.0,Wonderful product,Great product - wonderful way to stream movies with out a smart TV.,[],B00ZV9RDKK,B075X8471B,AHYGADSCZG3I6Z7FRLD6ITADQV7A,1515765203413,0,True,2018-01-12 13:53:23.413,2018,2018-01,Great product - wonderful way to stream movies with out a smart TV.,Great product - wonderful way to stream movies with out a smart TV.,0.0020293007,0.014073058,0.9838976,0.9818683,positive,False
5.0,fire tv stick with Alexa,"So far i like it, still getting use to it. Wish it came with better information on using it.",[],B00ZV9RDKK,B075X8471B,AFNPKP27HXRX2QZGEWTPAEIGOV2Q,1498332565609,0,True,2017-06-24 19:29:25.609,2017,2017-06,"So far i like it, still getting use to it. Wish it came with better information on using it.","So far i like it, still getting use to it. Wish it came with better information on using it.",0.010679532,0.07973484,0.90958565,0.8989061,positive,False
4.0,Four Stars,Love it,[],B00ZV9RDKK,B075X8471B,AHE4ZUCYVULCHUP6HOLLOMJU7FVQ,1488068158000,0,True,2017-02-26 00:15:58.000,2017,2017-02,Love it,Love it,0.016990202,0.09766407,0.8853457,0.8683555,positive,False
5.0,easy to install and use,the remote for my original fire tv died. the stick was on promo for the price of replacing the remote. the first one I received was defective and amazon arranged a replacement. the second one fired (pun) right up and works great. I also ordered a remote cover in a bright color and we longer have to go searching for it.,[],B00ZV9RDKK,B075X8471B,AGCZZXDONWSW5LUV5Z7K4IVW4IBA,1529002673947,1,True,2018-06-14 18:57:53.947,2018,2018-06,the remote for my original fire tv died. the stick was on promo for the price of replacing the remote. the first one I received was defective and amazon arranged a replacement. the second one fired (pun) right up and works great. I also ordered a remote cover in a bright color and we longer have to go searching for it.,the remote for my original fire tv died. the stick was on promo for the price of replacing the remote. the first one I received was defective and amazon arranged a replacement. the second one fired (pun) right up and works great. I also ordered a remote cover in a bright color and we longer have to go searching for it.,0.46857387,0.3829533,0.14847286,-0.32010102,negative,True
2.0,Doesn't last,"When I my first fire stick, it worked fine, for about 8 months, then it just would not work anymore.  Instead of sending it back, I upgraded to a voice activated Fire Stick.  Here I am, just over a year later and this one has quit working also.  Not happy!",[],B00ZV9RDKK,B075X8471B,AFE3WPVUVCSNWSPBYE3AEDAVBD2Q,1543188095928,0,True,2018-11-25 23:21:35.928,2018,2018-11,"When I my first fire stick, it worked fine, for about 8 months, then it just would not work anymore. Instead of sending it back, I upgraded to a voice activated Fire Stick. Here I am, just over a year later and this one has quit working also. Not happy!","When I my first fire stick, it worked fine, for about 8 months, then it just would not work anymore. Instead of sending it back, I upgraded to a voice activated Fire Stick. Here I am, just over a year later and this one has quit working also. Not happy!",0.85607535,0.12629524,0.017629381,-0.83844596,negative,False
5.0,Fire Stick Happy,"The Fire stick is working great. The pic display on my television is crisp and clear. The hookup was awesome, fast and easy because everything was included in the package. So far, my children and I are enjoying the Fire Stick.",[],B00ZV9RDKK,B075X8471B,AGYMTOYGCUTJWR4N5W7RVXHPOMXQ,1503624322365,0,True,2017-08-25 01:25:22.365,2017,2017-08,"The Fire stick is working great. The pic display on my television is crisp and clear. The hookup was awesome, fast and easy because everything was included in the package. So far, my children and I are enjoying the Fire Stick.","The Fire stick is working great. The pic display on my television is crisp and clear. The hookup was awesome, fast and easy because everything was included in the package. So far, my children and I are enjoying the Fire Stick.",0.0032388784,0.015315216,0.98144597,0.9782071,positive,False
5.0,I'm happy,It works exactly as described. We use it often.,[],B00ZV9RDKK,B075X8471B,AFQQNWQS6K3E5ZH46YZMEVUIHDAA,1515528382437,0,True,2018-01-09 20:06:22.437,2018,2018-01,It works exactly as described. We use it often.,It works exactly as described. We use it often.,0.0072816745,0.23432411,0.75839424,0.7511126,positive,False
5.0,Five Stars,I am enjoying  my fire stick,[],B00ZV9RDKK,B075X8471B,AFOXEDXZ5BKHPKW5Z5OIEEELZWCQ,1487777660000,0,True,2017-02-22 15:34:20.000,2017,2017-02,I am enjoying my fire stick,I am enjoying my fire stick,0.0045340215,0.032344278,0.9631217,0.9585877,positive,False
5.0,I love the fire stick,I love the fire stick. This is our 3rd one. We cut our cable off and use the fire stick all the time. It is very easy to set up.,[],B00ZV9RDKK,B075X8471B,AHWADA2DND22NMY5D3AM6MQ6ORZA,1501965170886,0,True,2017-08-05 20:32:50.886,2017,2017-08,I love the fire stick. This is our 3rd one. We cut our cable off and use the fire stick all the time. It is very easy to set up.,I love the fire stick. This is our 3rd one. We cut our cable off and use the fire stick all the time. It is very easy to set up.,0.0054134866,0.02476882,0.9698177,0.9644042,positive,False
5.0,"Used it once, worked great","So far it has worked perfectly, I have used it once. I know you want feedback but you should wait at least a few weeks if you want more accurate data. I am happy so far.",[],B00ZV9RDKK,B075X8471B,AH5WJ75Q5DHFSKHLA3ZQNDY3J3DA,1485819982000,0,True,2017-01-30 23:46:22.000,2017,2017-01,"So far it has worked perfectly, I have used it once. I know you want feedback but you should wait at least a few weeks if you want more accurate data. I am happy so far.","So far it has worked perfectly, I have used it once. I know you want feedback but you should wait at least a few weeks if you want more accurate data. I am happy so far.",0.008259634,0.0490581,0.94268227,0.9344226,positive,False
5.0,Useful product.,Very useful product when eliminating other services. Would like to see more &#34;perks&#34; for the firestick. Too many subscriptions negates the cost effectiveness. Updates are necessary.,[],B00ZV9RDKK,B075X8471B,AFI3LFHUODYG2RWJZX5HLLEQGLOA,1512664757455,0,True,2017-12-07 16:39:17.455,2017,2017-12,Very useful product when eliminating other services. Would like to see more &#34;perks&#34; for the firestick. Too many subscriptions negates the cost effectiveness. Updates are necessary.,Very useful product when eliminating other services. Would like to see more &#34;perks&#34; for the firestick. Too many subscriptions negates the cost effectiveness. Updates are necessary.,0.02070558,0.08856116,0.8907333,0.8700277,positive,False
4.0,but I love,"I don’t use the voice part, but I love it",[],B00ZV9RDKK,B075X8471B,AHLJSAA3D4TLHIUI2SJYGB6NBXGA,1515458403316,0,True,2018-01-09 00:40:03.316,2018,2018-01,"I don’t use the voice part, but I love it","I don’t use the voice part, but I love it",0.04011205,0.10228355,0.85760444,0.81749237,positive,False
5.0,Five Stars,Love it,[],B00ZV9RDKK,B075X8471B,AGNKS2AI3LESCF563IOWI4GV3R2Q,1499889059189,0,True,2017-07-12 19:50:59.189,2017,2017-07,Love it,Love it,0.016990202,0.09766407,0.8853457,0.8683555,positive,False
5.0,Five Stars,Love it.,[],B00ZV9RDKK,B075X8471B,AHOYFU5VAPVBCVMMREK3NEU4VB7A,1516199083035,0,True,2018-01-17 14:24:43.035,2018,2018-01,Love it.,Love it.,0.009448783,0.04570902,0.9448422,0.93539345,positive,False
5.0,Five Stars,"This is a great item, makes your regular TV into a smart TV.",[],B00ZV9RDKK,B075X8471B,AF7YQTBGGU6FBGAKO7NU3IQPQ2UA,1532884293536,0,True,2018-07-29 17:11:33.536,2018,2018-07,"This is a great item, makes your regular TV into a smart TV.","This is a great item, makes your regular TV into a smart TV.",0.0018427372,0.015232284,0.98292494,0.9810822,positive,False
1.0,One Star,I have had this 2 months and used it twice and it is not working now!!,[],B00ZV9RDKK,B075X8471B,AEJHZ4AABFDDFNIKLL3XFVSZNIGQ,1521257465625,0,True,2018-03-17 03:31:05.625,2018,2018-03,I have had this 2 months and used it twice and it is not working now!!,I have had this 2 months and used it twice and it is not working now!!,0.89995813,0.091637604,0.008404283,-0.8915539,negative,False
5.0,Love my fire stick,"Great fun, lots of good movies and games.",[],B00ZV9RDKK,B075X8471B,AGCXIE6T6U3SDTXBHXGEA76FYAMQ,1483834680000,0,True,2017-01-08 00:18:00.000,2017,2017-01,"Great fun, lots of good movies and games.","Great fun, lots of good movies and games.",0.0034479506,0.010462311,0.9860897,0.98264176,positive,False
5.0,... my iPad to watch Amazon Prime Video so it’s nice to see my favorite shows on the TV too,I’ve been using my iPad to watch Amazon Prime Video so it’s nice to see my favorite shows on the TV<br /> too!,[],B00ZV9RDKK,B075X8471B,AESJ2TRQDSJVPKD3UP52BXJNR2FQ,1532606587422,0,True,2018-07-26 12:03:07.422,2018,2018-07,I’ve been using my iPad to watch Amazon Prime Video so it’s nice to see my favorite shows on the TV too!,I’ve been using my iPad to watch Amazon Prime Video so it’s nice to see my favorite shows on the TV too!,0.0018198119,0.036656696,0.96152353,0.95970374,positive,False
5.0,Five Stars,It’s extremely easy to use and setup.,[],B00ZV9RDKK,B075X8471B,AHYBPJMCH2Z5NTPSRJZFZWBLDBBQ,1513534729264,0,True,2017-12-17 18:18:49.264,2017,2017-12,It’s extremely easy to use and setup.,It’s extremely easy to use and setup.,0.0031877942,0.027313309,0.96949893,0.96631116,positive,False
5.0,Very pleased.,"Love this so far. Only day two of using it, but super easy to use and a bargain.",[],B00ZV9RDKK,B075X8471B,AFRE7DDZTKKF65GSREL5TKUFKRAA,1513903338624,1,True,2017-12-22 00:42:18.624,2017,2017-12,"Love this so far. Only day two of using it, but super easy to use and a bargain.","Love this so far. Only day two of using it, but super easy to use and a bargain.",0.0034003851,0.008397018,0.98820263,0.98480225,positive,False
5.0,Canceled my cable!,Cancelled my cable and using only my firestick!,[],B00ZV9RDKK,B075X8471B,AEWSIENY3N2B4OESQLVO4F73MAWA,1511043186455,0,True,2017-11-18 22:13:06.455,2017,2017-11,Cancelled my cable and using only my firestick!,Cancelled my cable and using only my firestick!,0.73880297,0.23941593,0.021781115,-0.7170219,negative,True
5.0,Fire Sticks a hit in this house.,"Such a value!! My Son-in-law and Grandson are both happy campers thanks to the speedy delivery (came by Christmas) and great directions that came with the Fire Sticks.  I am now on top of the favored list in this house ;-).  Thanks to a great Vendor, they get an A+ from me !!",[],B00ZV9RDKK,B075X8471B,AHWVKSQGKZEZMJV2ITLOVORRFWGQ,1486657968000,0,True,2017-02-09 16:32:48.000,2017,2017-02,"Such a value!! My Son-in-law and Grandson are both happy campers thanks to the speedy delivery (came by Christmas) and great directions that came with the Fire Sticks. I am now on top of the favored list in this house ;-). Thanks to a great Vendor, they get an A+ from me !!","Such a value!! My Son-in-law and Grandson are both happy campers thanks to the speedy delivery (came by Christmas) and great directions that came with the Fire Sticks. I am now on top of the favored list in this house ;-). Thanks to a great Vendor, they get an A+ from me !!",0.00325351,0.009905409,0.9868411,0.98358756,positive,False
4.0,Alien world,"It plugged in just fine & seems to be working, BUT:<br />1)  I don't know how/what to do with it.  Too much noise for somebody who is not already conversant with this world.<br />2) Could not get Kodi 18 to install - no idea why, just won't proceed at the end - so I am left with a service that it useless to me.<br />3) No useful way to search without Kodi, but everything seems to involve an additional fee, which is exceedingly combersome with any controls enabled.<br />After 5-6 weeks, I have never used it, and actually don't anticipate using it in the future unless I can get Kodi to install.",[],B00ZV9RDKK,B075X8471B,AHRPOGWS4FDBIU6LHAYGE3FOMEVQ,1525395102921,0,True,2018-05-04 00:51:42.921,2018,2018-05,"It plugged in just fine & seems to be working, BUT: 1) I don't know how/what to do with it. Too much noise for somebody who is not already conversant with this world. 2) Could not get Kodi 18 to install - no idea why, just won't proceed at the end - so I am left with a service that it useless to me. 3) No useful way to search without Kodi, but everything seems to involve an additional fee, which is exceedingly combersome with any controls enabled. After 5-6 weeks, I have never used it, and actually don't anticipate using it in the future unless I can get Kodi to install.","It plugged in just fine & seems to be working, BUT: 1) I don't know how/what to do with it. Too much noise for somebody who is not already conversant with this world. 2) Could not get Kodi 18 to install - no idea why, just won't proceed at the end - so I am left with a service that it useless to me. 3) No useful way to search without Kodi, but everything seems to involve an additional fee, which is exceedingly combersome with any controls enabled. After 5-6 weeks, I have never used it, and actually don't anticipate",0.8073423,0.17160551,0.021052087,-0.7862902,negative,True
4.0,I like it now,At first I did not like the format for Netflux ans Amazon but now that I am used to it. I like it. Though I have watched some series and the selection does not return to the same episode I left.. i think this is a glitch that needs a fix.,[],B00ZV9RDKK,B075X8471B,AHCKIILMY4LB3RD4WPM6ZUGFCR6A,1487256737000,0,True,2017-02-16 14:52:17.000,2017,2017-02,At first I did not like the format for Netflux ans Amazon but now that I am used to it. I like it. Though I have watched some series and the selection does not return to the same episode I left.. i think this is a glitch that needs a fix.,At first I did not like the format for Netflux ans Amazon but now that I am used to it. I like it. Though I have watched some series and the selection does not return to the same episode I left.. i think this is a glitch that needs a fix.,0.68351346,0.2707327,0.045753866,-0.63775957,negative,True
4.0,Where is the Spectrum App?,"I love my firestick, but I have spectrum cable and there is no app for it. This leaves me watching my smart tv more for live tv, because it has the app. I wish all devices would support all of the cable services and/or vise versa. It would make things so much better for both companies and their customers.<br />Other than that, I really love the interface and all that you can do with Alexa and the Prime benefits. I know I will be purchasing at least two more for new tv's... so, yeah, again, I love it!",[],B00ZV9RDKK,B075X8471B,AES3YWD3ONJOUDRWFIV2ZO44QDAQ,1543527248815,1,True,2018-11-29 21:34:08.815,2018,2018-11,"I love my firestick, but I have spectrum cable and there is no app for it. This leaves me watching my smart tv more for live tv, because it has the app. I wish all devices would support all of the cable services and/or vise versa. It would make things so much better for both companies and their customers. Other than that, I really love the interface and all that you can do with Alexa and the Prime benefits. I know I will be purchasing at least two more for new tv's... so, yeah, again, I love it!","I love my firestick, but I have spectrum cable and there is no app for it. This leaves me watching my smart tv more for live tv, because it has the app. I wish all devices would support all of the cable services and/or vise versa. It would make things so much better for both companies and their customers. Other than that, I really love the interface and all that you can do with Alexa and the Prime benefits. I know I will be purchasing at least two more for new tv's... so, yeah, again, I love it!",0.057805993,0.13316756,0.8090264,0.7512204,positive,False
5.0,Five Stars,Item came well packaged and registration was simple.,[],B00ZV9RDKK,B075X8471B,AE2UYOEX4MUQDHYUVYWNF2PB4E6Q,1516935582670,0,True,2018-01-26 02:59:42.670,2018,2018-01,Item came well packaged and registration was simple.,Item came well packaged and registration was simple.,0.008357454,0.06419714,0.92744535,0.9190879,positive,False
5.0,Very compact; breeze to set up; functionality on a par with the Fire box,"I have the first and second generation Fire TV boxes, so I was familiar with the capabilities of Fire TV. However, I was surprised at the form factor for the Fire Stick -- it's very compact and tiny!  Functionality appears to be the same as the Fire TV box version when it comes to streaming. It's a bit faster than my generation 1 box, and a little slower (but not by much) than my generation 2 box.<br /><br />Setup is an absolute breeze -- it walks you right through all the steps. Zero manual reading is needed. It comes with the same remote as the Fire box which is nice for consistency, but I can't say it's my favorite remote. It works just fine, but I would have liked a little larger buttons and a more legible icon for each.  Minor issues.<br /><br />100% satisfied with this, as I am with my Fire boxes.",[],B00ZV9RDKK,B075X8471B,AG63W2BMC4HRP76AMS36AYY64AHA,1522002054268,0,True,2018-03-25 18:20:54.268,2018,2018-03,"I have the first and second generation Fire TV boxes, so I was familiar with the capabilities of Fire TV. However, I was surprised at the form factor for the Fire Stick -- it's very compact and tiny! Functionality appears to be the same as the Fire TV box version when it comes to streaming. It's a bit faster than my generation 1 box, and a little slower (but not by much) than my generation 2 box. Setup is an absolute breeze -- it walks you right through all the steps. Zero manual reading is needed. It comes with the same remote as the Fire box which is nice for consistency, but I can't say it's my favorite remote. It works just fine, but I would have liked a little larger buttons and a more legible icon for each. Minor issues. 100% satisfied with this, as I am with my Fire boxes.","I have the first and second generation Fire TV boxes, so I was familiar with the capabilities of Fire TV. However, I was surprised at the form factor for the Fire Stick -- it's very compact and tiny! Functionality appears to be the same as the Fire TV box version when it comes to streaming. It's a bit faster than my generation 1 box, and a little slower (but not by much) than my generation 2 box. Setup is an absolute breeze -- it walks you right through all the steps. Zero manual reading is needed. It comes with the",0.0072041065,0.10250309,0.8902928,0.8830887,positive,False
5.0,Great product and highly recommended,It was exactly what it was supposed to be and did exactly what it was supposed to do. Great product and highly recommended.,[],B00ZV9RDKK,B075X8471B,AEBHDNTYZZ476F4AGI32R6QNMMRA,1519868301897,0,True,2018-03-01 01:38:21.897,2018,2018-03,It was exactly what it was supposed to be and did exactly what it was supposed to do. Great product and highly recommended.,It was exactly what it was supposed to be and did exactly what it was supposed to do. Great product and highly recommended.,0.0052722287,0.016626773,0.978101,0.9728288,positive,False
5.0,Five Stars,Perfect for streaming. They should have kept you tube.,[],B00ZV9RDKK,B075X8471B,AEZ5ORYUDS5ZRO4AVTTAIP65PLBA,1520002754995,0,True,2018-03-02 14:59:14.995,2018,2018-03,Perfect for streaming. They should have kept you tube.,Perfect for streaming. They should have kept you tube.,0.010659976,0.0769846,0.9123554,0.90169543,positive,False
5.0,Five Stars,works good in getting stations not offered by the cable companies.,[],B00ZV9RDKK,B075X8471B,AGXWLX3UHLHFRDMKMV64JSRQPOFA,1514684168016,1,True,2017-12-31 01:36:08.016,2017,2017-12,works good in getting stations not offered by the cable companies.,works good in getting stations not offered by the cable companies.,0.071940206,0.7009084,0.22715135,0.15521115,neutral,True
1.0,I got a bad one this time,This is the 3rd fire stick I've bought and We love them but this one we can't seem to get it to work,[],B00ZV9RDKK,B075X8471B,AEIDFFJ25Y4IHPSNEA3Y4KEAP2NA,1551114046415,0,True,2019-02-25 17:00:46.415,2019,2019-02,This is the 3rd fire stick I've bought and We love them but this one we can't seem to get it to work,This is the 3rd fire stick I've bought and We love them but this one we can't seem to get it to work,0.63219947,0.23823442,0.12956612,-0.50263333,negative,False
5.0,Best flashlight I ever owned am buying another one!!!!,We love it best brightest flashlight ever!!! I have no complaints holds charge well it's excellent!!! I recommend this item to everyone well worth the money awesome price also!!!,[],B00ZV9RDKK,B075X8471B,AFQJMZJAAX5TEWZQWBFG2SAQJL2A,1524882055027,0,True,2018-04-28 02:20:55.027,2018,2018-04,We love it best brightest flashlight ever!!! I have no complaints holds charge well it's excellent!!! I recommend this item to everyone well worth the money awesome price also!!!,We love it best brightest flashlight ever!!! I have no complaints holds charge well it's excellent!!! I recommend this item to everyone well worth the money awesome price also!!!,0.0033317264,0.0066159237,0.9900524,0.9867207,positive,False
5.0,FANTASTIC!,"This is Wonderful!! No cable bills and all the movies and shows I could ever watch. Ok, there is 1 thing. Put a volume control in the remote. Just that one thing. But...FANTASTIC. AREN'T COMPUTERS GREAT!!!",[],B00ZV9RDKK,B075X8471B,AF325RDPLJEG2PIEFDK5RQAF6SFQ,1519020297310,0,True,2018-02-19 06:04:57.310,2018,2018-02,"This is Wonderful!! No cable bills and all the movies and shows I could ever watch. Ok, there is 1 thing. Put a volume control in the remote. Just that one thing. But...FANTASTIC. AREN'T COMPUTERS GREAT!!!","This is Wonderful!! No cable bills and all the movies and shows I could ever watch. Ok, there is 1 thing. Put a volume control in the remote. Just that one thing. But...FANTASTIC. AREN'T COMPUTERS GREAT!!!",0.01619481,0.0417236,0.9420816,0.92588675,positive,False
5.0,Good Product for a good Price,Seems to be as advertised. We haven't had much time to really go through everything it does as we have<br />only had this for a week or so.,[],B00ZV9RDKK,B075X8471B,AG3YZH5QA7CHMHTKOD4NFWFOCU6A,1506446535475,0,True,2017-09-26 17:22:15.475,2017,2017-09,Seems to be as advertised. We haven't had much time to really go through everything it does as we have only had this for a week or so.,Seems to be as advertised. We haven't had much time to really go through everything it does as we have only had this for a week or so.,0.5462916,0.429347,0.024361368,-0.5219302,negative,True
5.0,Five Stars,"I just cut the cord today ,because of Amazon fire stick NO MORE CABLE BILL was $71.93, yessssssss.",[],B00ZV9RDKK,B075X8471B,AFRBT4RRUPHODQFA2PGBKNNHZATQ,1504027173148,0,True,2017-08-29 17:19:33.148,2017,2017-08,"I just cut the cord today ,because of Amazon fire stick NO MORE CABLE BILL was $71.93, yessssssss.","I just cut the cord today ,because of Amazon fire stick NO MORE CABLE BILL was $71.93, yessssssss.",0.41421372,0.29671568,0.2890706,-0.12514311,negative,True
5.0,Five Stars,It works great and I'd better than the original fire stick.,[],B00ZV9RDKK,B075X8471B,AEMFXKSFXXTJ6W5UIAZR64CPX5ZQ,1521477717513,0,True,2018-03-19 16:41:57.513,2018,2018-03,It works great and I'd better than the original fire stick.,It works great and I'd better than the original fire stick.,0.005206282,0.022223148,0.9725706,0.9673643,positive,False
5.0,That it works.,"LOVE LOVE IT, JUST THE WAY I LIVE ALEXA,  IT IS AWESOME IT'S MY SECOND FIRESTICK BUT THE FIRST WITH ALEXA. WISH I HAD ANOTHER TV IN OREDER TO BUY ANOTHER FIRESTICK WITH ALEXA CONTROLS. WORK VERY GOOD.",[],B00ZV9RDKK,B075X8471B,AHKOWV3W3KI4SKHLO3DC6FOI7SYA,1538663654247,0,True,2018-10-04 14:34:14.247,2018,2018-10,"LOVE LOVE IT, JUST THE WAY I LIVE ALEXA, IT IS AWESOME IT'S MY SECOND FIRESTICK BUT THE FIRST WITH ALEXA. WISH I HAD ANOTHER TV IN OREDER TO BUY ANOTHER FIRESTICK WITH ALEXA CONTROLS. WORK VERY GOOD.","LOVE LOVE IT, JUST THE WAY I LIVE ALEXA, IT IS AWESOME IT'S MY SECOND FIRESTICK BUT THE FIRST WITH ALEXA. WISH I HAD ANOTHER TV IN OREDER TO BUY ANOTHER FIRESTICK WITH ALEXA CONTROLS. WORK VERY GOOD.",0.0043521454,0.012302094,0.98334575,0.9789936,positive,False
5.0,Great Choice,Easy to use...the kids set it up! Love the variety it brings to my living room. Overall very happy with it,[],B00ZV9RDKK,B075X8471B,AH72PGNTJTSPAS6YNV7UDHYXROKA,1537964366103,0,True,2018-09-26 12:19:26.103,2018,2018-09,Easy to use...the kids set it up! Love the variety it brings to my living room. Overall very happy with it,Easy to use...the kids set it up! Love the variety it brings to my living room. Overall very happy with it,0.0024903698,0.010122684,0.9873869,0.98489654,positive,False
2.0,I just wasted money buying,"Works BUT I  to watch YOUTUBE with ,As of 1/1/18 I won't be able to watch youtube. I just wasted money buying this",[],B00ZV9RDKK,B075X8471B,AEV752AYOJ5YJHBA4EAFPCRHIYAQ,1512584494099,12,True,2017-12-06 18:21:34.099,2017,2017-12,"Works BUT I to watch YOUTUBE with ,As of 1/1/18 I won't be able to watch youtube. I just wasted money buying this","Works BUT I to watch YOUTUBE with ,As of 1/1/18 I won't be able to watch youtube. I just wasted money buying this",0.8948951,0.09509475,0.01001016,-0.8848849,negative,False
2.0,Poor device,"It randomly fails to output any sound whatsoever. Sometimes restarting it helps but sometimes that doesn't work as well. I have to keep rebooting it until it randomly starts working again. I've tried all the available audio outputs - it doesn't work. The only reason I am using this is because Amazon forces me to use it for prime video which doesn't work on chromecast; which, by the way, I have been using since it came out first and has not failed as hard as this fire stick.",[],B00ZV9RDKK,B075X8471B,AEXJIV5R6A3K6W2ZWKQVIGZGMKDA,1509581201567,0,True,2017-11-02 00:06:41.567,2017,2017-11,"It randomly fails to output any sound whatsoever. Sometimes restarting it helps but sometimes that doesn't work as well. I have to keep rebooting it until it randomly starts working again. I've tried all the available audio outputs - it doesn't work. The only reason I am using this is because Amazon forces me to use it for prime video which doesn't work on chromecast; which, by the way, I have been using since it came out first and has not failed as hard as this fire stick.","It randomly fails to output any sound whatsoever. Sometimes restarting it helps but sometimes that doesn't work as well. I have to keep rebooting it until it randomly starts working again. I've tried all the available audio outputs - it doesn't work. The only reason I am using this is because Amazon forces me to use it for prime video which doesn't work on chromecast; which, by the way, I have been using since it came out first and has not failed as hard as this fire stick.",0.8321332,0.15312156,0.014745306,-0.8173879,negative,False
1.0,Stopped working,After 8 months it stopped working. I installed new batteries but the stick no longer fires up.<br />Now I'm stuck this useless thing.,[],B00ZV9RDKK,B075X8471B,AHDKJPJCYKBAZ4RXWYD7ZPIE23SQ,1543293096928,0,True,2018-11-27 04:31:36.928,2018,2018-11,After 8 months it stopped working. I installed new batteries but the stick no longer fires up. Now I'm stuck this useless thing.,After 8 months it stopped working. I installed new batteries but the stick no longer fires up. Now I'm stuck this useless thing.,0.93027264,0.06382916,0.005898208,-0.9243744,negative,False
5.0,Five Stars,I love my Firestick!!,[],B00ZV9RDKK,B075X8471B,AGD2HMUO5BO3MWL3O4DLHMNGZ26Q,1493320935000,0,True,2017-04-27 19:22:15.000,2017,2017-04,I love my Firestick!!,I love my Firestick!!,0.0030570165,0.008182413,0.98876053,0.9857035,positive,False
5.0,Five Stars,Worked as expected.,[],B00ZV9RDKK,B075X8471B,AFYMW6DBAIVX2YPT5B2HSHOJSXKA,1498497790283,0,True,2017-06-26 17:23:10.283,2017,2017-06,Worked as expected.,Worked as expected.,0.06344671,0.73237306,0.20418024,0.14073354,neutral,True
5.0,Five Stars,Works great,[],B00ZV9RDKK,B075X8471B,AHO2UMFCYYLVILOC6WW3OP7XNWRA,1483671083000,0,True,2017-01-06 02:51:23.000,2017,2017-01,Works great,Works great,0.00792021,0.030357694,0.96172214,0.95380193,positive,False
5.0,Five Stars,thank you great deal,[],B00ZV9RDKK,B075X8471B,AEIVCLCJUSFUXSI2P2WYARU6ZOZQ,1489984483000,0,True,2017-03-20 04:34:43.000,2017,2017-03,thank you great deal,thank you great deal,0.00980597,0.019730143,0.9704639,0.9606579,positive,False
5.0,Don't Hestitate,Extremely happy with purchase. This was all new to me. Very easy setup and voice is a nice addition. I'm interested in the fire box but would love to see amazon have an OTA DVR option with it.,[],B00ZV9RDKK,B075X8471B,AFTUWE63TAJ6ZO25JBUEPZIKRA5Q,1504267466972,0,True,2017-09-01 12:04:26.972,2017,2017-09,Extremely happy with purchase. This was all new to me. Very easy setup and voice is a nice addition. I'm interested in the fire box but would love to see amazon have an OTA DVR option with it.,Extremely happy with purchase. This was all new to me. Very easy setup and voice is a nice addition. I'm interested in the fire box but would love to see amazon have an OTA DVR option with it.,0.0029414692,0.014625071,0.98243344,0.97949195,positive,False
2.0,Unreliable,"Crashes constantly, often won't connect to WiFi for no reason, directtvnow app doesn't work as often as it does, won't stay connected to the internet or network- must be reset several times a day.",[],B00ZV9RDKK,B075X8471B,AFZO76PIP4D6Z2QRDQVUO7MYJKTQ,1542908308911,0,True,2018-11-22 17:38:28.911,2018,2018-11,"Crashes constantly, often won't connect to WiFi for no reason, directtvnow app doesn't work as often as it does, won't stay connected to the internet or network- must be reset several times a day.","Crashes constantly, often won't connect to WiFi for no reason, directtvnow app doesn't work as often as it does, won't stay connected to the internet or network- must be reset several times a day.",0.9080263,0.083300665,0.008672995,-0.89935327,negative,False
5.0,Definitely worth the purchase!,"Love this! Got rid of cable, this little stick saves me a bundle!  The options are great and easy to use! And let's not forget Alexa! Fun to use!",[],B00ZV9RDKK,B075X8471B,AGQPJM2V7DQNLCXD5BW7UBU73WVQ,1542731214952,0,True,2018-11-20 16:26:54.952,2018,2018-11,"Love this! Got rid of cable, this little stick saves me a bundle! The options are great and easy to use! And let's not forget Alexa! Fun to use!","Love this! Got rid of cable, this little stick saves me a bundle! The options are great and easy to use! And let's not forget Alexa! Fun to use!",0.0035591074,0.010208989,0.98623186,0.98267275,positive,False
5.0,Great but need to install apps!!,It's awesome easy to set up. Watched a few YouTube videos before to install some apps. Love it!,[],B00ZV9RDKK,B075X8471B,AGSTGNFJZNXKSMGLHMI3CZ7BS4GA,1490465124000,0,True,2017-03-25 18:05:24.000,2017,2017-03,It's awesome easy to set up. Watched a few YouTube videos before to install some apps. Love it!,It's awesome easy to set up. Watched a few YouTube videos before to install some apps. Love it!,0.0033158911,0.01036655,0.9863175,0.98300165,positive,False
5.0,Five Stars,Love it,[],B00ZV9RDKK,B075X8471B,AHHIDLRSC3YYD6O2AEKUEDEFOMAQ,1489977108000,0,True,2017-03-20 02:31:48.000,2017,2017-03,Love it,Love it,0.016990202,0.09766407,0.8853457,0.8683555,positive,False
5.0,Five Stars,Love it. Very easy to use & navigate through,[],B00ZV9RDKK,B075X8471B,AHVFH3QGK2I2PNDWE5AKYLZWIQMQ,1484693009000,0,True,2017-01-17 22:43:29.000,2017,2017-01,Love it. Very easy to use & navigate through,Love it. Very easy to use & navigate through,0.0041561946,0.014100214,0.9817436,0.9775874,positive,False
1.0,Go with Roku instead. Firestick is a waste of time and money.,Hulu rarely connects and ESPN constantly skips.,[],B00ZV9RDKK,B075X8471B,AF5VGLAPQNZOERF265SMEQQDZJPQ,1515643761670,0,True,2018-01-11 04:09:21.670,2018,2018-01,Hulu rarely connects and ESPN constantly skips.,Hulu rarely connects and ESPN constantly skips.,0.8187218,0.16818485,0.013093322,-0.8056285,negative,False
5.0,Loving how easy it is to use,Loving how easy it is to use. I like that I can easily plug into any TV in any room .,[],B00ZV9RDKK,B075X8471B,AGPKHE3TGL3CAZCZWAYH63LJFEIA,1498088970929,0,True,2017-06-21 23:49:30.929,2017,2017-06,Loving how easy it is to use. I like that I can easily plug into any TV in any room .,Loving how easy it is to use. I like that I can easily plug into any TV in any room .,0.003742247,0.021186085,0.97507167,0.97132945,positive,False
3.0,Seriously??? No Time Warner Cable TV App for All-New Fire TV Stick w Alexa Voice Remote???,"NO Time Warner Cable TV app for this thing?<br />Seriously?<br />This omission is laughable on a scale of Mad Magazine or Zippy the Pinhead. You have to load over a dozen different apps to try to watch different TV programs and channels. A old model Roku 2 can run the TW TV app but not this thing with it's 'Quad-Core' processor.<br />And, it is called Fire 'TV' Stick?<br />Come on!!!<br />I'll calm down now and say that maybe the problem is also with the recent sale of TW Cable or a problem on the TW Cable side of things, in general. Those guys are the worst!<br />The Fire TV Stick kicks butt in every way, but for the lack of the current inabilty to run the TW Cable TV App. However, I have a little while before it must be returned and am hoping App Developers are working fervently to solve this problem before the holidays.<br />Not to be too grandiose, but, fixing this problem makes this is an amazing and simple device that totally revolutionizes how people watch TV in the 21st century.<br />Too cool!!!<br />Only 3 stars until Amazon and TW Cable/Spectrum Cable?<br />/AT&T?!? get their collective acts together.",[],B00ZV9RDKK,B075X8471B,AHBWDWVH5WANPTQ4GF2M5F46S3PA,1478475442000,3,True,2016-11-06 23:37:22.000,2016,2016-11,"NO Time Warner Cable TV app for this thing? Seriously? This omission is laughable on a scale of Mad Magazine or Zippy the Pinhead. You have to load over a dozen different apps to try to watch different TV programs and channels. A old model Roku 2 can run the TW TV app but not this thing with it's 'Quad-Core' processor. And, it is called Fire 'TV' Stick? Come on!!! I'll calm down now and say that maybe the problem is also with the recent sale of TW Cable or a problem on the TW Cable side of things, in general. Those guys are the worst! The Fire TV Stick kicks butt in every way, but for the lack of the current inabilty to run the TW Cable TV App. However, I have a little while before it must be returned and am hoping App Developers are working fervently to solve this problem before the holidays. Not to be too grandiose, but, fixing this problem makes this is an amazing and simple device that totally revolutionizes how people watch TV in the 21st century. Too cool!!! Only 3 stars until Amazon and TW Cable/Spectrum Cable? /AT&T?!? get their collective acts together.","NO Time Warner Cable TV app for this thing? Seriously? This omission is laughable on a scale of Mad Magazine or Zippy the Pinhead. You have to load over a dozen different apps to try to watch different TV programs and channels. A old model Roku 2 can run the TW TV app but not this thing with it's 'Quad-Core' processor. And, it is called Fire 'TV' Stick? Come on!!! I'll calm down now and say that maybe the problem is also with the recent sale of TW Cable or a problem on the TW Cable side of things, in",0.7921831,0.1907633,0.01705368,-0.77512944,negative,False
5.0,Love it,I am so thrilled with this product and surprised too. Cannot believe all the content I get.,[],B00ZV9RDKK,B075X8471B,AHBL733O3FVNM6J24I7NM5IALIVA,1500059678593,0,True,2017-07-14 19:14:38.593,2017,2017-07,I am so thrilled with this product and surprised too. Cannot believe all the content I get.,I am so thrilled with this product and surprised too. Cannot believe all the content I get.,0.0035414926,0.007646262,0.9888122,0.98527074,positive,False
5.0,Firestick is great!,Great entertainment,[],B00ZV9RDKK,B075X8471B,AGBEDVKWQGCJDZ4QF3KATHXCSQIQ,1502823274142,0,True,2017-08-15 18:54:34.142,2017,2017-08,Great entertainment,Great entertainment,0.006805626,0.036731917,0.95646244,0.94965684,positive,False
4.0,Works fine - but you may need an HDMI extension cable,The fire stick itself works fine and does everything I need it for.<br /><br />One warning though. I have three devices connected to my tv by HDMI. The size of this fire stick is too wide to fit next to other HDMI ports. If you have a similar situation you will need a short HDMI extension cable to get this sire stick to fit next to other HDMI ports.<br /><br />This was not a big deal for me.,[],B00ZV9RDKK,B075X8471B,AGAOX6OHLUC4WCJPURY6OBG3BVSQ,1515207932839,0,True,2018-01-06 03:05:32.839,2018,2018-01,The fire stick itself works fine and does everything I need it for. One warning though. I have three devices connected to my tv by HDMI. The size of this fire stick is too wide to fit next to other HDMI ports. If you have a similar situation you will need a short HDMI extension cable to get this sire stick to fit next to other HDMI ports. This was not a big deal for me.,The fire stick itself works fine and does everything I need it for. One warning though. I have three devices connected to my tv by HDMI. The size of this fire stick is too wide to fit next to other HDMI ports. If you have a similar situation you will need a short HDMI extension cable to get this sire stick to fit next to other HDMI ports. This was not a big deal for me.,0.045069315,0.46394882,0.49098188,0.44591257,positive,False
5.0,... them as yet but have 2 and they are great,Have not used them as yet but have 2 and they are great,[],B00ZV9RDKK,B075X8471B,AGYPU2F7AB2OYRIAYQWLGDHO3A3Q,1527570470515,0,True,2018-05-29 05:07:50.515,2018,2018-05,Have not used them as yet but have 2 and they are great,Have not used them as yet but have 2 and they are great,0.010100797,0.05959606,0.93030316,0.9202024,positive,False
4.0,It works,Easy to install and I'm not a teckie.,[],B00ZV9RDKK,B075X8471B,AEDUUDZNAZLFH7ZF37DF7K5PX2AA,1548530527302,0,True,2019-01-26 19:22:07.302,2019,2019-01,Easy to install and I'm not a teckie.,Easy to install and I'm not a teckie.,0.10057773,0.4183535,0.4810688,0.38049108,positive,False
5.0,Easy piesy,Love the easy set up,[],B00ZV9RDKK,B075X8471B,AFDMRDASJKRU523KKCAS2Q74UGSA,1500751369166,0,True,2017-07-22 19:22:49.166,2017,2017-07,Love the easy set up,Love the easy set up,0.007328503,0.041558713,0.95111275,0.94378424,positive,False
5.0,The Fire TV Stick is great! Love the games and everything about it,The Fire TV Stick is great!  Love the games and everything about it.,[],B00ZV9RDKK,B075X8471B,AHKWAI7UUBFXHTJU2QB2SOFO5O5Q,1485561688000,0,True,2017-01-28 00:01:28.000,2017,2017-01,The Fire TV Stick is great! Love the games and everything about it.,The Fire TV Stick is great! Love the games and everything about it.,0.0032876981,0.009140137,0.9875722,0.9842845,positive,False
5.0,Five Stars,LOVE IT,[],B00ZV9RDKK,B075X8471B,AFFB643UZSCZPO7VS2VNRD5KFAGQ,1508347256653,0,True,2017-10-18 17:20:56.653,2017,2017-10,LOVE IT,LOVE IT,0.02529228,0.092124134,0.88258356,0.8572913,positive,False
5.0,Fire stick works perfectly on older TV’s.,"Loved the ease of installation and found included directions for use, along with the ones sent by email, very helpful. I use it in my old TV that I transport to a rented apartment for the summer. Have Netflix and Prime so can enjoy movies now.",[],B00ZV9RDKK,B075X8471B,AGQVUWNFSRMKCHULQBUOQBBCSHCQ,1532901036778,0,True,2018-07-29 21:50:36.778,2018,2018-07,"Loved the ease of installation and found included directions for use, along with the ones sent by email, very helpful. I use it in my old TV that I transport to a rented apartment for the summer. Have Netflix and Prime so can enjoy movies now.","Loved the ease of installation and found included directions for use, along with the ones sent by email, very helpful. I use it in my old TV that I transport to a rented apartment for the summer. Have Netflix and Prime so can enjoy movies now.",0.003168224,0.033069283,0.96376246,0.96059424,positive,False
2.0,Not to thrilled,May try it again. Returned it as could not get it to work properly with my TV. Alexa would not work at all. Could not get beck to our regular cable stations after installing fire stick. No good directions for use. Took a whole day after removing fire stick and calls to Comcast to restore our regular stations and the sound. Was frustrating.,[],B00ZV9RDKK,B075X8471B,AHNJ2P2EMXBYKWBPBUTWLRRP42GA,1495579222000,1,True,2017-05-23 22:40:22.000,2017,2017-05,May try it again. Returned it as could not get it to work properly with my TV. Alexa would not work at all. Could not get beck to our regular cable stations after installing fire stick. No good directions for use. Took a whole day after removing fire stick and calls to Comcast to restore our regular stations and the sound. Was frustrating.,May try it again. Returned it as could not get it to work properly with my TV. Alexa would not work at all. Could not get beck to our regular cable stations after installing fire stick. No good directions for use. Took a whole day after removing fire stick and calls to Comcast to restore our regular stations and the sound. Was frustrating.,0.8887386,0.10269119,0.008570209,-0.8801684,negative,False
5.0,Five Stars,love it,[],B00ZV9RDKK,B075X8471B,AGJTWBSX62V5FJNUEJLHQTNICEDA,1484245456000,0,True,2017-01-12 18:24:16.000,2017,2017-01,love it,love it,0.027788734,0.13936292,0.83284837,0.8050596,positive,False
5.0,Good deal,"We’re I live internet is slow, I can’t get high speed ( I’ve tried ) have watched some movies I’ve been wanting to see for a long time. Still need to learn more to take advantage of all I can use. Thinking of dropping my directv",[],B00ZV9RDKK,B075X8471B,AER2KYNRRYO5BGA4IEDYUCYK35DA,1565619324654,0,True,2019-08-12 14:15:24.654,2019,2019-08,"We’re I live internet is slow, I can’t get high speed ( I’ve tried ) have watched some movies I’ve been wanting to see for a long time. Still need to learn more to take advantage of all I can use. Thinking of dropping my directv","We’re I live internet is slow, I can’t get high speed ( I’ve tried ) have watched some movies I’ve been wanting to see for a long time. Still need to learn more to take advantage of all I can use. Thinking of dropping my directv",0.9071111,0.083234474,0.009654369,-0.89745677,negative,True
5.0,It’s awesome!,I got this to stream Beachbody workouts in our weight room. It’s so simple that my 11 year old son and I set it up (we are NOT techy at all!). It’s our second one in the house and the other one is in the living room for day to day use and it is customizable for those of you who are techy! I’m happy with it!!,[],B00ZV9RDKK,B075X8471B,AHOGQ4AB3S5F4II2454W2YDQWN2Q,1533041142533,0,True,2018-07-31 12:45:42.533,2018,2018-07,I got this to stream Beachbody workouts in our weight room. It’s so simple that my 11 year old son and I set it up (we are NOT techy at all!). It’s our second one in the house and the other one is in the living room for day to day use and it is customizable for those of you who are techy! I’m happy with it!!,I got this to stream Beachbody workouts in our weight room. It’s so simple that my 11 year old son and I set it up (we are NOT techy at all!). It’s our second one in the house and the other one is in the living room for day to day use and it is customizable for those of you who are techy! I’m happy with it!!,0.003481239,0.044636928,0.9518818,0.9484006,positive,False
2.0,So disappointing!,I got this to use as a media player for my digital library of films and tv shows. I followed all the directions (and suggestions in the reviews) and downloaded Plex and had a Dot (3rd Gen). I'm pretty good with IT stuff. Never did get it to work. Return the stick and the Dot and uninstalled Plex.,[],B00ZV9RDKK,B075X8471B,AEVTYEI5EEWZMI7CP5L7CP67IKAA,1547938907160,0,True,2019-01-19 23:01:47.160,2019,2019-01,I got this to use as a media player for my digital library of films and tv shows. I followed all the directions (and suggestions in the reviews) and downloaded Plex and had a Dot (3rd Gen). I'm pretty good with IT stuff. Never did get it to work. Return the stick and the Dot and uninstalled Plex.,I got this to use as a media player for my digital library of films and tv shows. I followed all the directions (and suggestions in the reviews) and downloaded Plex and had a Dot (3rd Gen). I'm pretty good with IT stuff. Never did get it to work. Return the stick and the Dot and uninstalled Plex.,0.04612713,0.5082324,0.4456405,0.39951336,neutral,False
5.0,"I own two, and soon three!","I now have two Fire sticks and going to purchase a third. I have had several Roku's since they first came out and have loved them. I have been a cable cutter since before the term was invented. My oldest Roku works, but is very limited as it was the first edition. My newer Roku works just fine but with one problem. My Roku 2 does not support Hulu live TV which I recently have started using. So, I had to decide if I was going to get a newer Roku, or another Fire stick. The decision was pretty easy, as both of my Fire Sticks work with my Amazon Echo and Amazon Dot, and both support Hulu Live TV. Not only that, the Amazon Fire Stick is cheaper than the newer Roku that I would have to purchase to be compatible with Hulu Live TV. Keep in mind that sometimes you have to assign a different channel on your modem settings for the Fire Stick if it keeps giving you the error that there is no internet connection, yet all your other wireless devices work. I am going to purchase another Fire Stick, but I might wait until Black Friday.",[],B00ZV9RDKK,B075X8471B,AE4XZPWBPOG5RREOBXH7HHTWAWGQ,1506538212530,1,True,2017-09-27 18:50:12.530,2017,2017-09,"I now have two Fire sticks and going to purchase a third. I have had several Roku's since they first came out and have loved them. I have been a cable cutter since before the term was invented. My oldest Roku works, but is very limited as it was the first edition. My newer Roku works just fine but with one problem. My Roku 2 does not support Hulu live TV which I recently have started using. So, I had to decide if I was going to get a newer Roku, or another Fire stick. The decision was pretty easy, as both of my Fire Sticks work with my Amazon Echo and Amazon Dot, and both support Hulu Live TV. Not only that, the Amazon Fire Stick is cheaper than the newer Roku that I would have to purchase to be compatible with Hulu Live TV. Keep in mind that sometimes you have to assign a different channel on your modem settings for the Fire Stick if it keeps giving you the error that there is no internet connection, yet all your other wireless devices work. I am going to purchase another Fire Stick, but I might wait until Black Friday.","I now have two Fire sticks and going to purchase a third. I have had several Roku's since they first came out and have loved them. I have been a cable cutter since before the term was invented. My oldest Roku works, but is very limited as it was the first edition. My newer Roku works just fine but with one problem. My Roku 2 does not support Hulu live TV which I recently have started using. So, I had to decide if I was going to get a newer Roku, or another Fire stick. The decision was pretty easy,",0.007428552,0.10075821,0.8918132,0.8843847,positive,False
5.0,Super easy,Love the voice on it. Like it better than my Apple TV except you can’t mirror it.,[],B00ZV9RDKK,B075X8471B,AHEW2ZQW5F22ZMJRGE6ZTZOKSAYA,1538522752323,0,True,2018-10-02 23:25:52.323,2018,2018-10,Love the voice on it. Like it better than my Apple TV except you can’t mirror it.,Love the voice on it. Like it better than my Apple TV except you can’t mirror it.,0.0129446285,0.05781603,0.9292394,0.91629475,positive,False
5.0,"I love you, Alexa!","This is is very good. Very easy to hook up & operate. I LOVE sling TV! Gotten rid of Directv, because I can get a decent coverage of live sports. The only negative is not broadcast with audio HD, so if you have 5.1 stereo receiver like myself, or higher, you only get 2 speaker stereo.The video is 1080p HD. Plus, you get Alexa, and she answers right on your tv screen. I'm very happy I chose to do this, & save a lot of $ compared to satellite. Just make sure you have high enough internet speed to support streaming.",[],B00ZV9RDKK,B075X8471B,AEWIPWHGT6D45UFWLTOQT5I2VO7A,1487758136000,0,True,2017-02-22 10:08:56.000,2017,2017-02,"This is is very good. Very easy to hook up & operate. I LOVE sling TV! Gotten rid of Directv, because I can get a decent coverage of live sports. The only negative is not broadcast with audio HD, so if you have 5.1 stereo receiver like myself, or higher, you only get 2 speaker stereo.The video is 1080p HD. Plus, you get Alexa, and she answers right on your tv screen. I'm very happy I chose to do this, & save a lot of $ compared to satellite. Just make sure you have high enough internet speed to support streaming.","This is is very good. Very easy to hook up & operate. I LOVE sling TV! Gotten rid of Directv, because I can get a decent coverage of live sports. The only negative is not broadcast with audio HD, so if you have 5.1 stereo receiver like myself, or higher, you only get 2 speaker stereo.The video is 1080p HD. Plus, you get Alexa, and she answers right on your tv screen. I'm very happy I chose to do this, & save a lot of $ compared to satellite. Just make sure you have high enough internet speed to support",0.008684796,0.040012352,0.9513029,0.9426181,positive,False
3.0,Controller doesn't work,"The controller which came with the Firestick doesn't work hardly at all.  At least my TV remote can control most of the functions.  Maybe I can get Alexa hooked to it and all my worries will be gone.  The Firestick itself is working as it should, I think.",[],B00ZV9RDKK,B075X8471B,AHAF5HMCAU5Y3EKGPMG6CARGSDXA,1534100120630,0,True,2018-08-12 18:55:20.630,2018,2018-08,"The controller which came with the Firestick doesn't work hardly at all. At least my TV remote can control most of the functions. Maybe I can get Alexa hooked to it and all my worries will be gone. The Firestick itself is working as it should, I think.","The controller which came with the Firestick doesn't work hardly at all. At least my TV remote can control most of the functions. Maybe I can get Alexa hooked to it and all my worries will be gone. The Firestick itself is working as it should, I think.",0.24405415,0.54515266,0.21079321,-0.03326094,neutral,False
1.0,You have to pay additionally for all the content.,You have to pay additionally for all the content,[],B00ZV9RDKK,B075X8471B,AFZTF4VX6VB7S2UZVKREOXVNQKYQ,1534450127866,0,True,2018-08-16 20:08:47.866,2018,2018-08,You have to pay additionally for all the content,You have to pay additionally for all the content,0.21217927,0.7243891,0.06343162,-0.14874765,neutral,False
4.0,I got mine for free,Has a good picture but lacks a search function,[],B00ZV9RDKK,B075X8471B,AEXWKIJS56VWVCWYJNFUCVXPNZLQ,1506854506736,0,True,2017-10-01 10:41:46.736,2017,2017-10,Has a good picture but lacks a search function,Has a good picture but lacks a search function,0.49247852,0.39298233,0.114539154,-0.37793937,negative,True
5.0,Five Stars,lots of fun,[],B00ZV9RDKK,B075X8471B,AHBF64O54E6DZZ4MKO3EHM72K4FA,1496664417000,0,True,2017-06-05 12:06:57.000,2017,2017-06,lots of fun,lots of fun,0.0082769925,0.037845172,0.95387787,0.94560087,positive,False
4.0,Four Stars,The new menu is not as easy as the old menu - otherwise no problems or complaints,[],B00ZV9RDKK,B075X8471B,AFLLG6C3RL4FIYM2VMPZPFDMA6EA,1485025190000,0,True,2017-01-21 18:59:50.000,2017,2017-01,The new menu is not as easy as the old menu - otherwise no problems or complaints,The new menu is not as easy as the old menu - otherwise no problems or complaints,0.7797755,0.20109499,0.019129531,-0.760646,negative,True
1.0,This is totally unstable and shouldn't even be a real product,"This device is totally unstable and almost unusable sometimes.  Issues ranging from apps stopping randomly, videos stopping and when you try to resume it saying, &#34;watch library not installed or working properly&#34;, to networking issues.  I do not know how the device can say it isn't connected to wireless, yet my wireless cell phone app can access it.  We bought this about a year or so ago, but the device hasn't gotten any better only worse.  Needs frequent reboots to even function.",[],B00ZV9RDKK,B075X8471B,AHTM2YFG6OGRYKTPSUINN6D5CDEA,1485700613000,1,True,2017-01-29 14:36:53.000,2017,2017-01,"This device is totally unstable and almost unusable sometimes. Issues ranging from apps stopping randomly, videos stopping and when you try to resume it saying, &#34;watch library not installed or working properly&#34;, to networking issues. I do not know how the device can say it isn't connected to wireless, yet my wireless cell phone app can access it. We bought this about a year or so ago, but the device hasn't gotten any better only worse. Needs frequent reboots to even function.","This device is totally unstable and almost unusable sometimes. Issues ranging from apps stopping randomly, videos stopping and when you try to resume it saying, &#34;watch library not installed or working properly&#34;, to networking issues. I do not know how the device can say it isn't connected to wireless, yet my wireless cell phone app can access it. We bought this about a year or so ago, but the device hasn't gotten any better only worse. Needs frequent reboots to even function.",0.90928745,0.08238562,0.008326975,-0.9009605,negative,False
5.0,I prefer this over the 4K HD Firestick - Both are excellent,I actually prefer this version over the 4K  Ultra HD Firestick due to the Silk browser interaction.,[],B00ZV9RDKK,B075X8471B,AH62GYZGBOP544M54BSZRXP46THQ,1524577665638,0,True,2018-04-24 13:47:45.638,2018,2018-04,I actually prefer this version over the 4K Ultra HD Firestick due to the Silk browser interaction.,I actually prefer this version over the 4K Ultra HD Firestick due to the Silk browser interaction.,0.0071833525,0.116609156,0.8762075,0.8690241,positive,False
1.0,"Crap. Works when it wants to, just like Amazon customer service.","Live in a major city, with AT&T internet.... but that’s no match for fire stick. It will turn off when it wants, restarts randomly, disconnect from WiFi, and let you click 8 times before moving to the next screen. When I tried to replace the stick Amazon emailed me friendly reminders like ‘ensure you’re connected to the internet’ and ‘turn your device off”. I think they are just trying to get out the glitches but “this is no iPhone.”",[],B00ZV9RDKK,B075X8471B,AH3OUJORIGP5LEX7PJ7RZM6EKYSA,1526862638630,0,True,2018-05-21 00:30:38.630,2018,2018-05,"Live in a major city, with AT&T internet.... but that’s no match for fire stick. It will turn off when it wants, restarts randomly, disconnect from WiFi, and let you click 8 times before moving to the next screen. When I tried to replace the stick Amazon emailed me friendly reminders like ‘ensure you’re connected to the internet’ and ‘turn your device off”. I think they are just trying to get out the glitches but “this is no iPhone.”","Live in a major city, with AT&T internet.... but that’s no match for fire stick. It will turn off when it wants, restarts randomly, disconnect from WiFi, and let you click 8 times before moving to the next screen. When I tried to replace the stick Amazon emailed me friendly reminders like ‘ensure you’re connected to the internet’ and ‘turn your device off”. I think they are just trying to get out the glitches but “this is no iPhone.”",0.72326434,0.25375006,0.022985568,-0.70027876,negative,False
3.0,Not as Teliable as Expected,Am having issues even though my WiFi is in the next room. Internet provider claims it is not their fault when picture freezes up.,[],B00ZV9RDKK,B075X8471B,AELDHYZR67ZEBXIUVZ2TYAMEWAMQ,1508232865929,0,True,2017-10-17 09:34:25.929,2017,2017-10,Am having issues even though my WiFi is in the next room. Internet provider claims it is not their fault when picture freezes up.,Am having issues even though my WiFi is in the next room. Internet provider claims it is not their fault when picture freezes up.,0.8008233,0.18593487,0.013241873,-0.7875814,negative,False
1.0,Fire Stick with Alexa review,I've had this since June 2017 and it has stopped working.,[],B00ZV9RDKK,B075X8471B,AEU2IIJMTC3OATASVJNH4BPNLTJQ,1497749308462,0,True,2017-06-18 01:28:28.462,2017,2017-06,I've had this since June 2017 and it has stopped working.,I've had this since June 2017 and it has stopped working.,0.88140166,0.110213704,0.008384654,-0.873017,negative,False
4.0,Makes life easier...sometimes,"Got this as a gift for my parents. Set it up, watching shows but Alexa still doesn't recognize anyone's voice to find shows. At least they are using it with relative ease.",[],B00ZV9RDKK,B075X8471B,AFH42KLW7ZPUHKKSAWOJVRTG55CA,1500352390520,0,True,2017-07-18 04:33:10.520,2017,2017-07,"Got this as a gift for my parents. Set it up, watching shows but Alexa still doesn't recognize anyone's voice to find shows. At least they are using it with relative ease.","Got this as a gift for my parents. Set it up, watching shows but Alexa still doesn't recognize anyone's voice to find shows. At least they are using it with relative ease.",0.08529829,0.5076115,0.40709022,0.32179192,neutral,False
5.0,Great value for for the price,I LOVE THIS!!! Everything works well! Alexa remote is AWESOME!! Great variety of shows music tons of things!!,[],B00ZV9RDKK,B075X8471B,AH5OTXP6IY6QWJVSYFMEPEIDW4NA,1544307183247,0,True,2018-12-08 22:13:03.247,2018,2018-12,I LOVE THIS!!! Everything works well! Alexa remote is AWESOME!! Great variety of shows music tons of things!!,I LOVE THIS!!! Everything works well! Alexa remote is AWESOME!! Great variety of shows music tons of things!!,0.0032913988,0.0063857078,0.9903228,0.9870314,positive,False
5.0,GREAT!,I LOVE this thing!  Works great and there's so much content.  Nice job Amazon.<br />Robert,[],B00ZV9RDKK,B075X8471B,AFIMQQQVRYPFWIPOAXZOU6SZFQXA,1492641529000,0,True,2017-04-19 22:38:49.000,2017,2017-04,I LOVE this thing! Works great and there's so much content. Nice job Amazon. Robert,I LOVE this thing! Works great and there's so much content. Nice job Amazon. Robert,0.0042195613,0.0068304506,0.98894995,0.9847304,positive,False
2.0,Oh Alexa.......UPDATE!  BS AMAZON,"Okay, Roku died got a Firestick.  Worked great for a month, then it constantly gave us problems until it quit too.  Got this new raved reviewed, fantastical Firestick with Alexa remote only because of excellent reviews.  It performs pretty good, I've only had it kick me out of Netflix twice in 2 months, but all Alexa does on the remote is repeat whatever the heck I say.  What good is she?  She refuses to search.  I think she went on strike.  Maybe it's because I started calling her names.  Anyway, I hate Alexa.  She is useless so why put her on my remote?  JUST DON'T BUY IT.  BOUGHT THE 3YEAR WARRANTY.  AFTER ONE YEAR IT QUIT.  THEY SENT A REPLACEMENT THAT DOES NOT WORK!!!!!  iIHAVE NOW BEEN ON THE PHONE WITH FIRSTICK AMAZON GUY FOR OVER AN HOUR WITH HIS BS BECAUSE THEY DO NOT WANT TO REPLACE THE DEFECTIVE REPLACEMENT!  LIARS AND THIEVES JUNK FIRESTICK.  ALEXA NEVER WORKED ON THE FIRST ONE, DOESN'T ON THE DEFECTIVE REPLACEMENT CRAP.  THEY ARE TRYING THEIR BEST TO NOT HONOR THE WARRANTY AND TONIGHT WILL NOT CONNECT ME WITH SQUARE-TRADE!",[],B00ZV9RDKK,B075X8471B,AHERXV2R3XZ5455AEH4CT7FL6XUA,1542475971654,0,True,2018-11-17 17:32:51.654,2018,2018-11,"Okay, Roku died got a Firestick. Worked great for a month, then it constantly gave us problems until it quit too. Got this new raved reviewed, fantastical Firestick with Alexa remote only because of excellent reviews. It performs pretty good, I've only had it kick me out of Netflix twice in 2 months, but all Alexa does on the remote is repeat whatever the heck I say. What good is she? She refuses to search. I think she went on strike. Maybe it's because I started calling her names. Anyway, I hate Alexa. She is useless so why put her on my remote? JUST DON'T BUY IT. BOUGHT THE 3YEAR WARRANTY. AFTER ONE YEAR IT QUIT. THEY SENT A REPLACEMENT THAT DOES NOT WORK!!!!! iIHAVE NOW BEEN ON THE PHONE WITH FIRSTICK AMAZON GUY FOR OVER AN HOUR WITH HIS BS BECAUSE THEY DO NOT WANT TO REPLACE THE DEFECTIVE REPLACEMENT! LIARS AND THIEVES JUNK FIRESTICK. ALEXA NEVER WORKED ON THE FIRST ONE, DOESN'T ON THE DEFECTIVE REPLACEMENT CRAP. THEY ARE TRYING THEIR BEST TO NOT HONOR THE WARRANTY AND TONIGHT WILL NOT CONNECT ME WITH SQUARE-TRADE!","Okay, Roku died got a Firestick. Worked great for a month, then it constantly gave us problems until it quit too. Got this new raved reviewed, fantastical Firestick with Alexa remote only because of excellent reviews. It performs pretty good, I've only had it kick me out of Netflix twice in 2 months, but all Alexa does on the remote is repeat whatever the heck I say. What good is she? She refuses to search. I think she went on strike. Maybe it's because I started calling her names. Anyway, I hate Alexa. She is useless so why put her",0.53074485,0.2794956,0.1897595,-0.34098536,negative,False
5.0,This next generation is great.,"I bought this as an upgrade to my older fire stick and I am quite happy with the results.  The voice control took a bit to get used to, but now I don't want to lose it.  Couple this with Amazon Prime and you have a great watching experience.",[],B00ZV9RDKK,B075X8471B,AFACFY4PW2AGVCBWOD5VRDLIMJBQ,1483469653000,0,True,2017-01-03 18:54:13.000,2017,2017-01,"I bought this as an upgrade to my older fire stick and I am quite happy with the results. The voice control took a bit to get used to, but now I don't want to lose it. Couple this with Amazon Prime and you have a great watching experience.","I bought this as an upgrade to my older fire stick and I am quite happy with the results. The voice control took a bit to get used to, but now I don't want to lose it. Couple this with Amazon Prime and you have a great watching experience.",0.0047977534,0.029165976,0.96603626,0.9612385,positive,False
5.0,The thing I like most is the small size,The thing I like most is the small size.  It's strapped to the  back of my TV - nothing to dust around or cables stretching down the wall.,[],B00ZV9RDKK,B075X8471B,AFTLLH55GCOB5E6R7C2IVQIMWZ6A,1496549000000,0,True,2017-06-04 04:03:20.000,2017,2017-06,The thing I like most is the small size. It's strapped to the back of my TV - nothing to dust around or cables stretching down the wall.,The thing I like most is the small size. It's strapped to the back of my TV - nothing to dust around or cables stretching down the wall.,0.013923405,0.12114446,0.8649321,0.8510087,positive,False
3.0,Not as Good as Roku!!!,"While this is improved over previous versions, it is still not as user friendly as the Roku platform.  If you’ve signed up for Acorn or BritBox on Roku or directly with the streaming provider, you cannot use Amazon Firestick without signing up through Amazon.  I used it because I had a spare device BUT I’ll end up buying more Roku sticks for the TVs that aren’t Roku TVs.",[],B00ZV9RDKK,B075X8471B,AHSNOK2RGCEH7ED3OUOTCFXDFQPA,1561076447099,0,True,2019-06-21 00:20:47.099,2019,2019-06,"While this is improved over previous versions, it is still not as user friendly as the Roku platform. If you’ve signed up for Acorn or BritBox on Roku or directly with the streaming provider, you cannot use Amazon Firestick without signing up through Amazon. I used it because I had a spare device BUT I’ll end up buying more Roku sticks for the TVs that aren’t Roku TVs.","While this is improved over previous versions, it is still not as user friendly as the Roku platform. If you’ve signed up for Acorn or BritBox on Roku or directly with the streaming provider, you cannot use Amazon Firestick without signing up through Amazon. I used it because I had a spare device BUT I’ll end up buying more Roku sticks for the TVs that aren’t Roku TVs.",0.5939575,0.38588864,0.020153891,-0.5738036,negative,False
5.0,Five Stars,"Love this fire stick, way better that Google cast.",[],B00ZV9RDKK,B075X8471B,AGX7N7YVXBGZ5VDQULYW2Q7UILKA,1518020388716,0,True,2018-02-07 16:19:48.716,2018,2018-02,"Love this fire stick, way better that Google cast.","Love this fire stick, way better that Google cast.",0.005178764,0.01411202,0.9807092,0.97553045,positive,False
5.0,Great product,Easy to setup and use.,[],B00ZV9RDKK,B075X8471B,AGB6Q4DKQAOGZTH7G4UCJAUUZBYQ,1573677047858,0,True,2019-11-13 20:30:47.858,2019,2019-11,Easy to setup and use.,Easy to setup and use.,0.014499228,0.1602813,0.8252195,0.81072026,positive,False
4.0,Four Stars,Very easy to use,[],B00ZV9RDKK,B075X8471B,AHYUY7VSBMDDAEZMBNH2ICRPWOJQ,1500915821620,0,True,2017-07-24 17:03:41.620,2017,2017-07,Very easy to use,Very easy to use,0.009904522,0.04566734,0.94442815,0.93452364,positive,False
4.0,Four Stars,Great but I thought there would be more local channels.,[],B00ZV9RDKK,B075X8471B,AFHOOQ57XFTVKZGFF7LUXN3U47DA,1499916014330,0,True,2017-07-13 03:20:14.330,2017,2017-07,Great but I thought there would be more local channels.,Great but I thought there would be more local channels.,0.05525632,0.29601908,0.64872456,0.59346825,positive,False
5.0,Five Stars,Love it!,[],B00ZV9RDKK,B075X8471B,AHKJZQPNR3JA5EFH55KJWTKYD3OA,1489164988000,0,True,2017-03-10 16:56:28.000,2017,2017-03,Love it!,Love it!,0.0060488423,0.029694783,0.96425635,0.9582075,positive,False
5.0,I like it,Good purchase. Use it all the time.,[],B00ZV9RDKK,B075X8471B,AEKBIDKB2UGU6ZOSVGHKSMUSQ4DA,1544473905983,0,False,2018-12-10 20:31:45.983,2018,2018-12,Good purchase. Use it all the time.,Good purchase. Use it all the time.,0.0039042034,0.01879725,0.97729856,0.97339433,positive,False
5.0,Five Stars,Works great. Good value,[],B00ZV9RDKK,B075X8471B,AHJ62MKKO2TLG4ZPIFKXNPSLXZJA,1496157642000,0,True,2017-05-30 15:20:42.000,2017,2017-05,Works great. Good value,Works great. Good value,0.0056312233,0.01616613,0.97820264,0.97257143,positive,False
5.0,Ease of set up and use,Easy to set up and easy to use.  Works great.,[],B00ZV9RDKK,B075X8471B,AHJYF5S3HIFZW7TIBI73TG73LGHA,1527444328513,0,True,2018-05-27 18:05:28.513,2018,2018-05,Easy to set up and easy to use. Works great.,Easy to set up and easy to use. Works great.,0.0067217513,0.029382067,0.96389616,0.9571744,positive,False
5.0,Five Stars,Love this product,[],B00ZV9RDKK,B075X8471B,AEZIJDGEKS6FV3MRF677C46NRG4A,1511740457834,0,True,2017-11-26 23:54:17.834,2017,2017-11,Love this product,Love this product,0.0059781526,0.020081978,0.97393984,0.96796167,positive,False
4.0,Pretty good,"Works great, except when trying to locate just prime free movies, theres no filter options i can find, and its disappointing when you find a movie that looks great and it shows up $19.99 to watch it! Plus now the loss of YouTube is disappointing.",[],B00ZV9RDKK,B075X8471B,AE3CWISGWLQQR7N64LQZFQ3CWG7Q,1512851314251,1,True,2017-12-09 20:28:34.251,2017,2017-12,"Works great, except when trying to locate just prime free movies, theres no filter options i can find, and its disappointing when you find a movie that looks great and it shows up $19.99 to watch it! Plus now the loss of YouTube is disappointing.","Works great, except when trying to locate just prime free movies, theres no filter options i can find, and its disappointing when you find a movie that looks great and it shows up $19.99 to watch it! Plus now the loss of YouTube is disappointing.",0.734496,0.17639032,0.089113735,-0.6453823,negative,True
5.0,lives up to promotion,Great value. Plug and play.,[],B00ZV9RDKK,B075X8471B,AEDSAUTD62TDD6EFA2SIYZRCSD5Q,1483463601000,0,True,2017-01-03 17:13:21.000,2017,2017-01,Great value. Plug and play.,Great value. Plug and play.,0.0045032725,0.046684477,0.9488123,0.94430906,positive,False
5.0,Loved the ease of installation too,Very user friendly. Loved the ease of installation too.,[],B00ZV9RDKK,B075X8471B,AEY2M7KED6SKRPJGW3FDVZ6K6UJA,1521463257826,0,True,2018-03-19 12:40:57.826,2018,2018-03,Very user friendly. Loved the ease of installation too.,Very user friendly. Loved the ease of installation too.,0.00705875,0.017914465,0.9750268,0.96796805,positive,False
5.0,Excellent value to upgrade TV,"Upgraded my &#34;dumb&#34; tv and am pleased with the results.  I have a Roku 3 on another tv and this is cheaper and, so far, quite comparable for what I use.  It integrates extremely well with Amazon Prime.  I can only play purchased, or up to 250 mp3's, that I load with Amazon music on Roku.  I can play all the Amazon Prime music with this unit.  It has limited memory and is not expandable, but that has not been an issue so far.",[],B00ZV9RDKK,B075X8471B,AGV6LD3UJYY32PVKD3TBK66CHUDQ,1483369272000,0,True,2017-01-02 15:01:12.000,2017,2017-01,"Upgraded my &#34;dumb&#34; tv and am pleased with the results. I have a Roku 3 on another tv and this is cheaper and, so far, quite comparable for what I use. It integrates extremely well with Amazon Prime. I can only play purchased, or up to 250 mp3's, that I load with Amazon music on Roku. I can play all the Amazon Prime music with this unit. It has limited memory and is not expandable, but that has not been an issue so far.","Upgraded my &#34;dumb&#34; tv and am pleased with the results. I have a Roku 3 on another tv and this is cheaper and, so far, quite comparable for what I use. It integrates extremely well with Amazon Prime. I can only play purchased, or up to 250 mp3's, that I load with Amazon music on Roku. I can play all the Amazon Prime music with this unit. It has limited memory and is not expandable, but that has not been an issue so far.",0.0044505964,0.039665475,0.9558839,0.9514333,positive,False
5.0,Worth the upgrade!,"Love it. So much faster than the old fire stick. I love that I can change the account settings so that I only have to enter a password if I am buying a movie or show and don't have to for anything that is on Prime. I haven't used the Alexa voice function much, but it's a nice feature when I want to listen to music on the Amazon Music app.",[],B00ZV9RDKK,B075X8471B,AFL66VRUT63WUAVPHPKDDNV7QK2Q,1523045375242,0,True,2018-04-06 20:09:35.242,2018,2018-04,"Love it. So much faster than the old fire stick. I love that I can change the account settings so that I only have to enter a password if I am buying a movie or show and don't have to for anything that is on Prime. I haven't used the Alexa voice function much, but it's a nice feature when I want to listen to music on the Amazon Music app.","Love it. So much faster than the old fire stick. I love that I can change the account settings so that I only have to enter a password if I am buying a movie or show and don't have to for anything that is on Prime. I haven't used the Alexa voice function much, but it's a nice feature when I want to listen to music on the Amazon Music app.",0.006418784,0.048572578,0.94500864,0.9385899,positive,False
5.0,Fire Stick,"I already had the Fire TV on my main TV, so decided to Pre-Order the new Fire Stick for my 2nd TV, so glad I did!",[],B00ZV9RDKK,B075X8471B,AEF723M24PKWH44WKWWXLRRRADOQ,1477417835000,0,True,2016-10-25 17:50:35.000,2016,2016-10,"I already had the Fire TV on my main TV, so decided to Pre-Order the new Fire Stick for my 2nd TV, so glad I did!","I already had the Fire TV on my main TV, so decided to Pre-Order the new Fire Stick for my 2nd TV, so glad I did!",0.003279989,0.035348296,0.96137166,0.9580917,positive,False
5.0,Five Stars,Great must-have product. We even take it with us when we go to vocations,[],B00ZV9RDKK,B075X8471B,AHBMJKEHKM4JS3XMTH7YQDX45Z3A,1517671075295,0,True,2018-02-03 15:17:55.295,2018,2018-02,Great must-have product. We even take it with us when we go to vocations,Great must-have product. We even take it with us when we go to vocations,0.0027181401,0.013130053,0.98415184,0.9814337,positive,False
4.0,so far so good,"I have a feeling it's an energy suck, just sitting there on all day while I'm at work. But so far it's been easy enough to search. I don't enjoy using the voice activation, so I wish it would scroll easier.",[],B00ZV9RDKK,B075X8471B,AEUHPJLOSPOJYO7CWOBDIBESQPPQ,1552575202883,0,True,2019-03-14 14:53:22.883,2019,2019-03,"I have a feeling it's an energy suck, just sitting there on all day while I'm at work. But so far it's been easy enough to search. I don't enjoy using the voice activation, so I wish it would scroll easier.","I have a feeling it's an energy suck, just sitting there on all day while I'm at work. But so far it's been easy enough to search. I don't enjoy using the voice activation, so I wish it would scroll easier.",0.86903524,0.11856912,0.012395562,-0.8566397,negative,True
2.0,Why use one remote when you can enjoy juggling two?,"How is this so highly rated?  It can’t control volume and TV on and off. What is this, 1985??  Having to use two remotes I feel Ike some sort of savage from the wild. Seriously though, my Roku controls tv on/off and volume, and I got it well before the fire stick. I’m disappointed and regret purchasing.",[],B00ZV9RDKK,B075X8471B,AGZKJEYR2YH5DUZ77AEWKZAZ4EJA,1545871540714,0,True,2018-12-27 00:45:40.714,2018,2018-12,"How is this so highly rated? It can’t control volume and TV on and off. What is this, 1985?? Having to use two remotes I feel Ike some sort of savage from the wild. Seriously though, my Roku controls tv on/off and volume, and I got it well before the fire stick. I’m disappointed and regret purchasing.","How is this so highly rated? It can’t control volume and TV on and off. What is this, 1985?? Having to use two remotes I feel Ike some sort of savage from the wild. Seriously though, my Roku controls tv on/off and volume, and I got it well before the fire stick. I’m disappointed and regret purchasing.",0.9122291,0.08022408,0.007546772,-0.90468234,negative,False
4.0,Love it. Very easy to install and use,"Love it. Very easy to install and use. Oh forgot to share this is the 3rd Fire Stick we have.  Use it in our main living area and bedrooms. I wish you could load additional apps like ABC, CBS, Fox.",[],B00ZV9RDKK,B075X8471B,AG632PVMWBAH2OL7KRRRBFX7I6VQ,1482448312000,0,True,2016-12-22 23:11:52.000,2016,2016-12,"Love it. Very easy to install and use. Oh forgot to share this is the 3rd Fire Stick we have. Use it in our main living area and bedrooms. I wish you could load additional apps like ABC, CBS, Fox.","Love it. Very easy to install and use. Oh forgot to share this is the 3rd Fire Stick we have. Use it in our main living area and bedrooms. I wish you could load additional apps like ABC, CBS, Fox.",0.003895182,0.023896374,0.97220844,0.9683133,positive,False
1.0,"Unreliable, unstable device","Extremely unstable, unreliable device!. It constantly flickers and crashes. It also constantly looses Wifi connection and the only way to fix it, is a physical reboot (disconnect, connect power). I had had an older Roku for years that was extremely stable/reliable. I regret having chosen a  Fire for update instead of Roku!",[],B00ZV9RDKK,B075X8471B,AE5UB4BPNWVM6XJCU55PUEZK5PPQ,1551564842757,0,True,2019-03-02 22:14:02.757,2019,2019-03,"Extremely unstable, unreliable device!. It constantly flickers and crashes. It also constantly looses Wifi connection and the only way to fix it, is a physical reboot (disconnect, connect power). I had had an older Roku for years that was extremely stable/reliable. I regret having chosen a Fire for update instead of Roku!","Extremely unstable, unreliable device!. It constantly flickers and crashes. It also constantly looses Wifi connection and the only way to fix it, is a physical reboot (disconnect, connect power). I had had an older Roku for years that was extremely stable/reliable. I regret having chosen a Fire for update instead of Roku!",0.9359103,0.055738397,0.008351296,-0.927559,negative,False
3.0,broke less than a yr after purchase,I called Amazon and customer service basically told me there is nothing they can do. She actually said its normal. That part really stinks especially seeing as I don't have cable and rely on this remote to stream.  ended up having to buy another one. Let's hope the 2nd once lasts longer,[],B00ZV9RDKK,B075X8471B,AGP7OHHQFE2NJYQRI7MHTE4YHJRA,1571706725440,0,True,2019-10-22 01:12:05.440,2019,2019-10,I called Amazon and customer service basically told me there is nothing they can do. She actually said its normal. That part really stinks especially seeing as I don't have cable and rely on this remote to stream. ended up having to buy another one. Let's hope the 2nd once lasts longer,I called Amazon and customer service basically told me there is nothing they can do. She actually said its normal. That part really stinks especially seeing as I don't have cable and rely on this remote to stream. ended up having to buy another one. Let's hope the 2nd once lasts longer,0.8960643,0.09457988,0.009355909,-0.8867084,negative,False
5.0,Five Stars,Perfect,[],B00ZV9RDKK,B075X8471B,AFLIM6ZPTN4PB6UGO5MPJMUDGPXA,1519407783798,0,True,2018-02-23 17:43:03.798,2018,2018-02,Perfect,Perfect,0.033864997,0.1119339,0.8542011,0.8203361,positive,False
2.0,Two Stars,Not at all user friendly.  Very slow in response.,[],B00ZV9RDKK,B075X8471B,AF7NFDWA7ECEXICNCPO5F4IYL3WA,1504460276204,1,True,2017-09-03 17:37:56.204,2017,2017-09,Not at all user friendly. Very slow in response.,Not at all user friendly. Very slow in response.,0.9303223,0.061898768,0.007778933,-0.92254335,negative,False
5.0,I discovered Alexa! WOW!!! Truly major technology  progress,"Amazing! Awesome! Wow!<br />I was hesitant for a year but used black friday discount and purchased this Fire TV Stick! Wow! I was so wrong!<br />It's so easy now to find absolutely anything you want with the help of Alexa remote! It perfectly recognizes everything I am asking her and does a truly fast search.<br />Operation is a breeze even with wet hands.<br />Also I must say that the quality of the video is amazing! I didn't expect that! I have Roku, Apple TV, Android and now Fire TV Stick, which has its own advantages! Especially if you have prime, go for Fire TV Stick!!!<br />Yes, to connect it to my TV was very difficult because of location of HDMI inputs on the back of my hanging on the wall TV, and because USB charging cord and HDMI extension both are too short to reach to the outlet or HDMI input. I had to spend some time to connect, and had to use a different mini USB. Was worried that Stick won't pickup the signal from my remote as Stick is now completely hidden behind my TV. Well, boom! It works perfectly well!!! After that, setup was like a charm. Choose wireless network and relax for a couple of minutes while it does everything itself.<br />It is nice, that it arrived already preactivated and preset with my prime account but it's so easy to connect to a different account if anyone purchase it as a gift.<br />It has most major apps already installed and controls are very intuitive. This is a great technological progress. Very unexpected, that Amazon bitten the other big sharks in this field. This is what I call customer - based service.<br />Great job, Amazon! Now I will definite recommend it to all my friends!",[],B00ZV9RDKK,B075X8471B,AHQLAP46SBDDDSY32QIZRE6M6NXQ,1512090455783,0,True,2017-12-01 01:07:35.783,2017,2017-12,"Amazing! Awesome! Wow! I was hesitant for a year but used black friday discount and purchased this Fire TV Stick! Wow! I was so wrong! It's so easy now to find absolutely anything you want with the help of Alexa remote! It perfectly recognizes everything I am asking her and does a truly fast search. Operation is a breeze even with wet hands. Also I must say that the quality of the video is amazing! I didn't expect that! I have Roku, Apple TV, Android and now Fire TV Stick, which has its own advantages! Especially if you have prime, go for Fire TV Stick!!! Yes, to connect it to my TV was very difficult because of location of HDMI inputs on the back of my hanging on the wall TV, and because USB charging cord and HDMI extension both are too short to reach to the outlet or HDMI input. I had to spend some time to connect, and had to use a different mini USB. Was worried that Stick won't pickup the signal from my remote as Stick is now completely hidden behind my TV. Well, boom! It works perfectly well!!! After that, setup was like a charm. Choose wireless network and relax for a couple of minutes while it does everything itself. It is nice, that it arrived already preactivated and preset with my prime account but it's so easy to connect to a different account if anyone purchase it as a gift. It has most major apps already installed and controls are very intuitive. This is a great technological progress. Very unexpected, that Amazon bitten the other big sharks in this field. This is what I call customer - based service. Great job, Amazon! Now I will definite recommend it to all my friends!","Amazing! Awesome! Wow! I was hesitant for a year but used black friday discount and purchased this Fire TV Stick! Wow! I was so wrong! It's so easy now to find absolutely anything you want with the help of Alexa remote! It perfectly recognizes everything I am asking her and does a truly fast search. Operation is a breeze even with wet hands. Also I must say that the quality of the video is amazing! I didn't expect that! I have Roku, Apple TV, Android and now Fire TV Stick, which has its own advantages! Especially if you have prime,",0.00805279,0.02340561,0.9685416,0.96048886,positive,False
3.0,I like my Roku because it doesn’t have any advertisements,Okay. I don’t Appreciate the advertisement for other shows.  I like my Roku because it doesn’t have any advertisements .,[],B00ZV9RDKK,B075X8471B,AGTXDCNJM53VNIJNGTIPH7FGIOQQ,1532573115179,0,True,2018-07-26 02:45:15.179,2018,2018-07,Okay. I don’t Appreciate the advertisement for other shows. I like my Roku because it doesn’t have any advertisements .,Okay. I don’t Appreciate the advertisement for other shows. I like my Roku because it doesn’t have any advertisements .,0.25665194,0.48134488,0.26200315,0.0053512156,neutral,False
5.0,Excellent product,Love it,[],B00ZV9RDKK,B075X8471B,AHTQFBORRVWMITV2RHQDYLOFNNOQ,1550068924082,0,True,2019-02-13 14:42:04.082,2019,2019-02,Love it,Love it,0.016990202,0.09766407,0.8853457,0.8683555,positive,False
5.0,New Fire Stick is AWESOME!!!!,"My daughter LOVES her new fire stick!!! She not only likes the fact she can get all the different app channels that she wants, but she loves that it is voice activated. A wonderful device for anyone who wants to make their regular TV into Smart TV & the price is amazing for what you get. Amazon just keeps upping their game...well done!!!!",[],B00ZV9RDKK,B075X8471B,AE22BZ4I2434QRWLOQ52XURGWREA,1483224988000,0,True,2016-12-31 22:56:28.000,2016,2016-12,"My daughter LOVES her new fire stick!!! She not only likes the fact she can get all the different app channels that she wants, but she loves that it is voice activated. A wonderful device for anyone who wants to make their regular TV into Smart TV & the price is amazing for what you get. Amazon just keeps upping their game...well done!!!!","My daughter LOVES her new fire stick!!! She not only likes the fact she can get all the different app channels that she wants, but she loves that it is voice activated. A wonderful device for anyone who wants to make their regular TV into Smart TV & the price is amazing for what you get. Amazon just keeps upping their game...well done!!!!",0.002679004,0.010507367,0.98681366,0.9841347,positive,False
5.0,I'm happy I made the switch!,"I love the fire TV stick!  I had been using a different device to stream.  When I saw how sharp the images are as I used the fire stick,  I was surprised and pleased.  It's easy to set up and to use.  I'll never switch back!",[],B00ZV9RDKK,B075X8471B,AESA32S5CH63QREBKD7LVRCHMM7Q,1534094612155,0,True,2018-08-12 17:23:32.155,2018,2018-08,"I love the fire TV stick! I had been using a different device to stream. When I saw how sharp the images are as I used the fire stick, I was surprised and pleased. It's easy to set up and to use. I'll never switch back!","I love the fire TV stick! I had been using a different device to stream. When I saw how sharp the images are as I used the fire stick, I was surprised and pleased. It's easy to set up and to use. I'll never switch back!",0.006445777,0.019725021,0.97382927,0.9673835,positive,False
4.0,Cable free at last,"I wasn't sure I would like having only streamed content, but this little device installed seamlessly, and is much more reliable than other streaming devices I've tried.  I do wish that Amazon would contract with more ""cable"" outlets such as FoxNews and the WeatherChannel, which are the only things I miss and which don't seem to be available except as part of cable provider packages.",[],B00ZV9RDKK,B075X8471B,AHSLAJTU7JENLUMM5RFC3QH5IFRA,1553637995386,0,True,2019-03-26 22:06:35.386,2019,2019-03,"I wasn't sure I would like having only streamed content, but this little device installed seamlessly, and is much more reliable than other streaming devices I've tried. I do wish that Amazon would contract with more ""cable"" outlets such as FoxNews and the WeatherChannel, which are the only things I miss and which don't seem to be available except as part of cable provider packages.","I wasn't sure I would like having only streamed content, but this little device installed seamlessly, and is much more reliable than other streaming devices I've tried. I do wish that Amazon would contract with more ""cable"" outlets such as FoxNews and the WeatherChannel, which are the only things I miss and which don't seem to be available except as part of cable provider packages.",0.083222464,0.39300635,0.5237712,0.44054878,positive,False
3.0,Three Stars,Haven't taken it out of the box yet.  Guess it's okay.,[],B00ZV9RDKK,B075X8471B,AEL2PTUXYILPXWFVWFH6AHI76S4A,1478354102000,0,True,2016-11-05 13:55:02.000,2016,2016-11,Haven't taken it out of the box yet. Guess it's okay.,Haven't taken it out of the box yet. Guess it's okay.,0.101514995,0.71903276,0.17945224,0.077937245,neutral,False
5.0,Great TV streaming tool,"I haven't tried the Alexa voice control, yet, but as a streaming TV stick this works great.  Its only shortcoming is common to all the similar devices:  it can't stream from my PC to the TV.  Liked it well enough, though, to purchase a second one for our other TV.",[],B00ZV9RDKK,B075X8471B,AHEWMIIM4SK7YNFZ3IADPCX4ARVQ,1515634019259,0,True,2018-01-11 01:26:59.259,2018,2018-01,"I haven't tried the Alexa voice control, yet, but as a streaming TV stick this works great. Its only shortcoming is common to all the similar devices: it can't stream from my PC to the TV. Liked it well enough, though, to purchase a second one for our other TV.","I haven't tried the Alexa voice control, yet, but as a streaming TV stick this works great. Its only shortcoming is common to all the similar devices: it can't stream from my PC to the TV. Liked it well enough, though, to purchase a second one for our other TV.",0.049947403,0.14969017,0.8003624,0.750415,positive,False
5.0,Great,"Can't go wrong here, speaks for itself.",[],B00ZV9RDKK,B075X8471B,AE4HTM23JI4J25DOCVEPM6KCCUBA,1566837813951,0,True,2019-08-26 16:43:33.951,2019,2019-08,"Can't go wrong here, speaks for itself.","Can't go wrong here, speaks for itself.",0.027663315,0.26146513,0.7108715,0.6832082,positive,False
5.0,Best stick,"Looks great on my tv very fast too, sling works great",[],B00ZV9RDKK,B075X8471B,AF5JYL65HUWFC74AG3ILP5JCZHUA,1525801242486,0,True,2018-05-08 17:40:42.486,2018,2018-05,"Looks great on my tv very fast too, sling works great","Looks great on my tv very fast too, sling works great",0.002807556,0.011774832,0.9854176,0.98261005,positive,False
5.0,I enjoyed it. Like that it has access to Pandora,I enjoyed it. Like that it has access to Pandora. The only issue is that it's so wide that I can't use any other devices that requires an USB outlet.,[],B00ZV9RDKK,B075X8471B,AHWGC65TBIVV5H7STBKTIZIAVRDQ,1515762947299,0,True,2018-01-12 13:15:47.299,2018,2018-01,I enjoyed it. Like that it has access to Pandora. The only issue is that it's so wide that I can't use any other devices that requires an USB outlet.,I enjoyed it. Like that it has access to Pandora. The only issue is that it's so wide that I can't use any other devices that requires an USB outlet.,0.028549261,0.12558879,0.8458619,0.81731266,positive,False
5.0,Great Buy,A breeze to use and I got it on sale too!,[],B00ZV9RDKK,B075X8471B,AH3272KTT7FHXJIF4DC4IXAGDV7A,1524868601764,0,True,2018-04-27 22:36:41.764,2018,2018-04,A breeze to use and I got it on sale too!,A breeze to use and I got it on sale too!,0.0035337876,0.023755267,0.97271097,0.9691772,positive,False
4.0,Four Stars,Can be a hand full! but worth the trouble,[],B00ZV9RDKK,B075X8471B,AGCH5INZUEJWK67EJK44E5LKGW4Q,1513473536427,0,True,2017-12-17 01:18:56.427,2017,2017-12,Can be a hand full! but worth the trouble,Can be a hand full! but worth the trouble,0.14140308,0.37666097,0.48193595,0.34053287,positive,False
1.0,"worst - constant issues, slow, bad interface, wont play.  junk compared to Roku","What Can I say - I purchased it because you can unlock it - never did though since I already use a Raspberry pi for that purpose.  The firestick has been far less than useful since day 1.  the interface is bad, it is extremely slow (compared to Roku and Raspberry Pi), constant issues with streaming - just an overall piece of junk.  I do not want anything Alexa integrated with the privacy issues.  No thanks, after a few years I had enough of this dumpster fire, snapped it in half and threw it in the garbage where it belongs.",[],B00ZV9RDKK,B075X8471B,AHA4TFAH3S4RLLRAWTI5IKGS3PWQ,1630029400814,1,True,2021-08-27 01:56:40.814,2021,2021-08,"What Can I say - I purchased it because you can unlock it - never did though since I already use a Raspberry pi for that purpose. The firestick has been far less than useful since day 1. the interface is bad, it is extremely slow (compared to Roku and Raspberry Pi), constant issues with streaming - just an overall piece of junk. I do not want anything Alexa integrated with the privacy issues. No thanks, after a few years I had enough of this dumpster fire, snapped it in half and threw it in the garbage where it belongs.","What Can I say - I purchased it because you can unlock it - never did though since I already use a Raspberry pi for that purpose. The firestick has been far less than useful since day 1. the interface is bad, it is extremely slow (compared to Roku and Raspberry Pi), constant issues with streaming - just an overall piece of junk. I do not want anything Alexa integrated with the privacy issues. No thanks, after a few years I had enough of this dumpster fire, snapped it in half and threw it in the garbage where it belongs.",0.8758123,0.10887038,0.015317309,-0.860495,negative,False
3.0,It worked fine for a while,"It worked fine for a while, but I now have lost my connection to my Comcast WiFi.  All my other units are still connected. (Roku, Netflix and TV.",[],B00ZV9RDKK,B075X8471B,AEWMPJHPJZCOE352NUAVPPB4YXYA,1522934134187,0,True,2018-04-05 13:15:34.187,2018,2018-04,"It worked fine for a while, but I now have lost my connection to my Comcast WiFi. All my other units are still connected. (Roku, Netflix and TV.","It worked fine for a while, but I now have lost my connection to my Comcast WiFi. All my other units are still connected. (Roku, Netflix and TV.",0.2749535,0.67209184,0.052954674,-0.22199884,neutral,False
5.0,Five Stars,Very happy thank you,[],B00ZV9RDKK,B075X8471B,AFSSNNM5PV4CYPTA7RXTP2EXFAHA,1515532422617,0,True,2018-01-09 21:13:42.617,2018,2018-01,Very happy thank you,Very happy thank you,0.0060884403,0.01216514,0.98174644,0.975658,positive,False
5.0,Clear tv,TV clear on  another TV great,[],B00ZV9RDKK,B075X8471B,AFVWWBQL4KGISAHZUYJ5QV3D2Z5Q,1544218186626,0,True,2018-12-07 21:29:46.626,2018,2018-12,TV clear on another TV great,TV clear on another TV great,0.0024676116,0.03752363,0.96000874,0.9575411,positive,False
4.0,Four Stars,seems to be good so far,[],B00ZV9RDKK,B075X8471B,AGVKIHAFBEZZVKFNBQTME3PMQOPA,1491339490000,0,True,2017-04-04 20:58:10.000,2017,2017-04,seems to be good so far,seems to be good so far,0.004885466,0.04649659,0.948618,0.9437325,positive,False
5.0,Great item,"This is a great little item.  My five year old Panasonic Viera had a very limited range of apps, not including You Tube, and this little stick has dramatically broadened my choices.  The speech recognition works well and the connection speed it very good.",[],B00ZV9RDKK,B075X8471B,AGACIUAZISXJCGADFZP6ENH2ABDA,1501179173646,0,True,2017-07-27 18:12:53.646,2017,2017-07,"This is a great little item. My five year old Panasonic Viera had a very limited range of apps, not including You Tube, and this little stick has dramatically broadened my choices. The speech recognition works well and the connection speed it very good.","This is a great little item. My five year old Panasonic Viera had a very limited range of apps, not including You Tube, and this little stick has dramatically broadened my choices. The speech recognition works well and the connection speed it very good.",0.004751323,0.029167773,0.9660809,0.9613296,positive,False
5.0,AWESOME,AWESOME,[],B00ZV9RDKK,B075X8471B,AFTYHYAZDFGOD25WXUIUREBOAFWQ,1533486974354,0,True,2018-08-05 16:36:14.354,2018,2018-08,AWESOME,AWESOME,0.010984928,0.034597438,0.9544177,0.94343275,positive,False
5.0,Easy Fast set up,"Plug and Play with great voice remote, works well.",[],B00ZV9RDKK,B075X8471B,AHE7JDPV22SDTQFHTJN7PQRKAIWA,1536239599276,0,True,2018-09-06 13:13:19.276,2018,2018-09,"Plug and Play with great voice remote, works well.","Plug and Play with great voice remote, works well.",0.0031045254,0.034545783,0.9623497,0.9592452,positive,False
4.0,Fire stick is very good,The fire tv would be a 5 if I could store movies on the microSD,[],B00ZV9RDKK,B075X8471B,AF5CIXCESUHHVZB6HXRUDXKEC6WQ,1499555519178,0,True,2017-07-08 23:11:59.178,2017,2017-07,The fire tv would be a 5 if I could store movies on the microSD,The fire tv would be a 5 if I could store movies on the microSD,0.025751963,0.42270935,0.5515387,0.52578676,positive,False
5.0,This was an amazing deal on prime day,"This was an amazing deal on prime day, and I think I will probably buy another for my living room as well. Its very easy to navigate around, and I found it surprisingly fast. It works the same as a Roku, however this one has this super nifty voice command, which can take you to your favorite show within seconds, by holding down the voice command button on the remote. Very clever design, the only problem I have with this is that it has to be plugged into the wall as well, it does not just plug into the HDMI port.<br /><br />Overall, it is definitely worth it, and I will be recommending this to my family and friends.",[],B00ZV9RDKK,B075X8471B,AHBIGUIMC2HP6HUSUFONNTBP62UA,1533072068053,0,True,2018-07-31 21:21:08.053,2018,2018-07,"This was an amazing deal on prime day, and I think I will probably buy another for my living room as well. Its very easy to navigate around, and I found it surprisingly fast. It works the same as a Roku, however this one has this super nifty voice command, which can take you to your favorite show within seconds, by holding down the voice command button on the remote. Very clever design, the only problem I have with this is that it has to be plugged into the wall as well, it does not just plug into the HDMI port. Overall, it is definitely worth it, and I will be recommending this to my family and friends.","This was an amazing deal on prime day, and I think I will probably buy another for my living room as well. Its very easy to navigate around, and I found it surprisingly fast. It works the same as a Roku, however this one has this super nifty voice command, which can take you to your favorite show within seconds, by holding down the voice command button on the remote. Very clever design, the only problem I have with this is that it has to be plugged into the wall as well, it does not just plug into the HDMI",0.0027288622,0.015819343,0.9814518,0.97872293,positive,False
4.0,Picks up a weak Wifi signal well,"I'm pretty impressed, works as advertised. Picks up a weak Wifi signal at the far end of the house.  Easy to use and set up.",[],B00ZV9RDKK,B075X8471B,AFD3VOQZT4OTF4A6BUUEDQNPLYTQ,1516999530818,0,True,2018-01-26 20:45:30.818,2018,2018-01,"I'm pretty impressed, works as advertised. Picks up a weak Wifi signal at the far end of the house. Easy to use and set up.","I'm pretty impressed, works as advertised. Picks up a weak Wifi signal at the far end of the house. Easy to use and set up.",0.015506881,0.07979665,0.90469646,0.8891896,positive,False
5.0,Works great and so much too see,Is a great add to my  T V  I love it,[],B00ZV9RDKK,B075X8471B,AGJDTHJRDCMNIKWJW3J35UTEGQIA,1542321063016,0,True,2018-11-15 22:31:03.016,2018,2018-11,Is a great add to my T V I love it,Is a great add to my T V I love it,0.0042581987,0.009499504,0.9862423,0.9819841,positive,False
5.0,UPDATE===YAAHHOO streaming TV,Love love streaming TV. Still figuring it all out. Endless possibilities./// Well dang..no longer operates with all the current tech updates..has become the way of the albatross. Crying in the rain..whaaa.,[],B00ZV9RDKK,B075X8471B,AFEMRLEP5VSQP5AFOXWF3OBTZALQ,1533707869722,0,True,2018-08-08 05:57:49.722,2018,2018-08,Love love streaming TV. Still figuring it all out. Endless possibilities./// Well dang..no longer operates with all the current tech updates..has become the way of the albatross. Crying in the rain..whaaa.,Love love streaming TV. Still figuring it all out. Endless possibilities./// Well dang..no longer operates with all the current tech updates..has become the way of the albatross. Crying in the rain..whaaa.,0.06171015,0.1117419,0.826548,0.76483786,positive,False
5.0,MelissaC,I am really enjoying my firestorm. It comes in so handy.,[],B00ZV9RDKK,B075X8471B,AFDCCOAKHRGGHPOVDMCY3JKWUI4A,1539971355948,0,True,2018-10-19 17:49:15.948,2018,2018-10,I am really enjoying my firestorm. It comes in so handy.,I am really enjoying my firestorm. It comes in so handy.,0.004704572,0.013499774,0.9817956,0.977091,positive,False
5.0,Five Stars,Awesome device!!!! Should have purchased sooner,[],B00ZV9RDKK,B075X8471B,AHRLVXENQFQ6FQEK3UITZL53CYPA,1491648355000,0,True,2017-04-08 10:45:55.000,2017,2017-04,Awesome device!!!! Should have purchased sooner,Awesome device!!!! Should have purchased sooner,0.0029131381,0.007992703,0.9890941,0.98618096,positive,False
5.0,Five Stars,better than cable,[],B00ZV9RDKK,B075X8471B,AF26C47IAIND6QUTYDJJTKNFH4YA,1544039473288,0,True,2018-12-05 19:51:13.288,2018,2018-12,better than cable,better than cable,0.03521902,0.35832348,0.6064575,0.57123846,positive,False
5.0,Looooooove,Very pleased with the firestick! I have been going back and forth about purchasing it- finally caved and bought it. I love it!!! Easy to set up. Such a practical purchase! Love it for me and my children!!!,[],B00ZV9RDKK,B075X8471B,AE76Z4W5K5YNOHCALPK36JDUJUQA,1484682986000,0,True,2017-01-17 19:56:26.000,2017,2017-01,Very pleased with the firestick! I have been going back and forth about purchasing it- finally caved and bought it. I love it!!! Easy to set up. Such a practical purchase! Love it for me and my children!!!,Very pleased with the firestick! I have been going back and forth about purchasing it- finally caved and bought it. I love it!!! Easy to set up. Such a practical purchase! Love it for me and my children!!!,0.0045456956,0.008568044,0.98688626,0.9823406,positive,False
5.0,Five Stars,Love it!!!,[],B00ZV9RDKK,B075X8471B,AGHQAGZRSIHG3SJIPJHMEFCO5CTA,1521151939492,0,True,2018-03-15 22:12:19.492,2018,2018-03,Love it!!!,Love it!!!,0.004634846,0.019575788,0.9757893,0.97115445,positive,False
5.0,Great Buy,Love it. Has all my fav apps and it even puts my most watched Netflix shows on the homepage.,[],B00ZV9RDKK,B075X8471B,AGDD5TMYTSDG5GMRDEBAECVDK5FA,1484331062000,0,True,2017-01-13 18:11:02.000,2017,2017-01,Love it. Has all my fav apps and it even puts my most watched Netflix shows on the homepage.,Love it. Has all my fav apps and it even puts my most watched Netflix shows on the homepage.,0.00234518,0.02025601,0.97739875,0.97505355,positive,False
3.0,Learning The Fire Stick,"This device has A LOT of things which can be overwhelming to learn. It takes awhile to use it to it's FULL potential. Once you've done that, everything is AWESOME!",[],B00ZV9RDKK,B075X8471B,AEF3LWQGA5KH33VUXBFB7VGHUWGQ,1479725219000,0,True,2016-11-21 10:46:59.000,2016,2016-11,"This device has A LOT of things which can be overwhelming to learn. It takes awhile to use it to it's FULL potential. Once you've done that, everything is AWESOME!","This device has A LOT of things which can be overwhelming to learn. It takes awhile to use it to it's FULL potential. Once you've done that, everything is AWESOME!",0.0067901085,0.02853008,0.96467984,0.95788974,positive,False
5.0,Five Stars,Great unit,[],B00ZV9RDKK,B075X8471B,AGJBRN3NV7X7EXLX3NYYQARESZVQ,1506462865996,0,True,2017-09-26 21:54:25.996,2017,2017-09,Great unit,Great unit,0.011050799,0.04962056,0.9393287,0.92827785,positive,False
5.0,EXCELLENT PROEUCT,Easy to set up and works great,[],B00ZV9RDKK,B075X8471B,AH6FKXJI7ARXDCQ43JT36CWBRTGQ,1528673081327,0,False,2018-06-10 23:24:41.327,2018,2018-06,Easy to set up and works great,Easy to set up and works great,0.011799334,0.0428314,0.94536924,0.9335699,positive,False
4.0,nice,"I don't have prime, but it works fine",[],B00ZV9RDKK,B075X8471B,AFGV5H6TFP7B3TWEH35QZ4TTCHLQ,1509797635030,0,True,2017-11-04 12:13:55.030,2017,2017-11,"I don't have prime, but it works fine","I don't have prime, but it works fine",0.042137314,0.49555147,0.46231115,0.42017382,neutral,False
5.0,Amazing,"I've heard a lot of talk about the Fire Stick with Alexa Voice Remote. I spotted it on Amazon at a reduced price and decided to give it a try. I am really happy to say that it was worth the money. All you require is a HDMI connection and WiFi to turn your dumb TV into a Smart TV. Only takes a few minutes to set the entire thing up.  I also like the Alexa Voice Remote that looks up movies, music, apps and plays them at your voice command. My opinion is that this is one of the top streaming sticks around. In addition, it is at a very reasonable price.",[],B00ZV9RDKK,B075X8471B,AEWJ75DU564S7MHOR65ENIOF3EZQ,1535385389463,0,True,2018-08-27 15:56:29.463,2018,2018-08,"I've heard a lot of talk about the Fire Stick with Alexa Voice Remote. I spotted it on Amazon at a reduced price and decided to give it a try. I am really happy to say that it was worth the money. All you require is a HDMI connection and WiFi to turn your dumb TV into a Smart TV. Only takes a few minutes to set the entire thing up. I also like the Alexa Voice Remote that looks up movies, music, apps and plays them at your voice command. My opinion is that this is one of the top streaming sticks around. In addition, it is at a very reasonable price.","I've heard a lot of talk about the Fire Stick with Alexa Voice Remote. I spotted it on Amazon at a reduced price and decided to give it a try. I am really happy to say that it was worth the money. All you require is a HDMI connection and WiFi to turn your dumb TV into a Smart TV. Only takes a few minutes to set the entire thing up. I also like the Alexa Voice Remote that looks up movies, music, apps and plays them at your voice command. My opinion is that this is one of the",0.0033123218,0.03109595,0.9655917,0.9622794,positive,False
5.0,Five Stars,Fast shipping easy to install,[],B00ZV9RDKK,B075X8471B,AGLVUNIMB4OXFZRGJEB3IABVEWBA,1515531432720,0,True,2018-01-09 20:57:12.720,2018,2018-01,Fast shipping easy to install,Fast shipping easy to install,0.013452305,0.102108404,0.8844393,0.870987,positive,False
3.0,Disappointing - restarts constantly,I have had worse luck with the Fire TV Stick with Alexa than the original one. I have had 4 with Alexa so far and all of them will restart in the middle of shows and overheat. It's frustrating because the original one was a very solid product. And Alexa on this product isn't very intuitive. :/,[],B00ZV9RDKK,B075X8471B,AHSTXA7VCZLJH2F3EQLA4HZOYLRQ,1509745435901,0,True,2017-11-03 21:43:55.901,2017,2017-11,I have had worse luck with the Fire TV Stick with Alexa than the original one. I have had 4 with Alexa so far and all of them will restart in the middle of shows and overheat. It's frustrating because the original one was a very solid product. And Alexa on this product isn't very intuitive. :/,I have had worse luck with the Fire TV Stick with Alexa than the original one. I have had 4 with Alexa so far and all of them will restart in the middle of shows and overheat. It's frustrating because the original one was a very solid product. And Alexa on this product isn't very intuitive. :/,0.9232516,0.06614755,0.010600729,-0.9126509,negative,False
5.0,Five Stars,"Its a great product, but for Argentina media Its very dificult to set up.",[],B00ZV9RDKK,B075X8471B,AG6WCZTP44MFYL5WA7JOFRE4NW5Q,1516929041288,0,True,2018-01-26 01:10:41.288,2018,2018-01,"Its a great product, but for Argentina media Its very dificult to set up.","Its a great product, but for Argentina media Its very dificult to set up.",0.07922503,0.23451994,0.68625504,0.60703003,positive,False
3.0,"Pass on this, Get the fire tv(non stick)","Buyers remorse here.  I originally owned the fire tv, then bought a roku stick, and finally bought this.  The fire tv is by far the best option.  Roku has horrible selection of apps(they call them channels) but does perform really well for a stick.  The Fire TV stick has everything great the tv has but not the performance.  Constantly the stick freezes or just takes a while to respond.  If you ever try to do things in quick succession you won't be happy.  Also the main screen can take a while to load.  Seconds seem like minutes when you are just sitting there(I know &#34;First world problems&#34;).  The fire tv has the best apps/channels and even allows kodi/file exporer which is a must if you store local content on a nas.  Roku has 0 support for a nas except for maybe plex but I don't want to hassle with plex.  Get the fire TV not the stick, unless you are like us and wanted something easy to install for a mounted tv.",[],B00ZV9RDKK,B075X8471B,AE5N5PAV5ARTEU6KECDJ45RZAMYA,1484627621000,3,True,2017-01-17 04:33:41.000,2017,2017-01,"Buyers remorse here. I originally owned the fire tv, then bought a roku stick, and finally bought this. The fire tv is by far the best option. Roku has horrible selection of apps(they call them channels) but does perform really well for a stick. The Fire TV stick has everything great the tv has but not the performance. Constantly the stick freezes or just takes a while to respond. If you ever try to do things in quick succession you won't be happy. Also the main screen can take a while to load. Seconds seem like minutes when you are just sitting there(I know &#34;First world problems&#34;). The fire tv has the best apps/channels and even allows kodi/file exporer which is a must if you store local content on a nas. Roku has 0 support for a nas except for maybe plex but I don't want to hassle with plex. Get the fire TV not the stick, unless you are like us and wanted something easy to install for a mounted tv.","Buyers remorse here. I originally owned the fire tv, then bought a roku stick, and finally bought this. The fire tv is by far the best option. Roku has horrible selection of apps(they call them channels) but does perform really well for a stick. The Fire TV stick has everything great the tv has but not the performance. Constantly the stick freezes or just takes a while to respond. If you ever try to do things in quick succession you won't be happy. Also the main screen can take a while to load. Seconds seem like minutes when you are",0.1622661,0.26001912,0.5777148,0.4154487,positive,False
5.0,cut the cord (cable),great user interface,[],B00ZV9RDKK,B075X8471B,AG4EC4GJ5JA2SMCAXVQJFBOWLYQQ,1507552984024,0,True,2017-10-09 12:43:04.024,2017,2017-10,great user interface,great user interface,0.015014403,0.03883122,0.9461544,0.93114,positive,False
4.0,Neat but designed with flaw - overheating = low performance.,"It used to work better but as months pass by, you realize after a year, the response of the dongle isnt what it used to be. Touch the stick and no wonder. Its throttling due to overly high temperature. Having this constantly on sure is killing it as it didnt have an issue with so much heat in the beginning so I expect it to die one day. Note, that this is known issue with these and there are guides how to fix it - drilling holes into the casing of the stick so that the air passes through. Otherwise its a handy device with lots of features and apps. Its so good im banging my head against the concrete wall for buying chromecasts in the past as Google updates on both phone and caster guts the features below the limits of my use for them.<br />What I hate about Firestick the most however, is the remote. You have to pick the remote up in order to press the buttons on the sides as the entire mote swivels if you try to fast forward or rewind while the mote lays on the table - irritating!",[],B00ZV9RDKK,B075X8471B,AHMXWJZBONT436BJO65PRS5HLOYQ,1583478429179,0,True,2020-03-06 07:07:09.179,2020,2020-03,"It used to work better but as months pass by, you realize after a year, the response of the dongle isnt what it used to be. Touch the stick and no wonder. Its throttling due to overly high temperature. Having this constantly on sure is killing it as it didnt have an issue with so much heat in the beginning so I expect it to die one day. Note, that this is known issue with these and there are guides how to fix it - drilling holes into the casing of the stick so that the air passes through. Otherwise its a handy device with lots of features and apps. Its so good im banging my head against the concrete wall for buying chromecasts in the past as Google updates on both phone and caster guts the features below the limits of my use for them. What I hate about Firestick the most however, is the remote. You have to pick the remote up in order to press the buttons on the sides as the entire mote swivels if you try to fast forward or rewind while the mote lays on the table - irritating!","It used to work better but as months pass by, you realize after a year, the response of the dongle isnt what it used to be. Touch the stick and no wonder. Its throttling due to overly high temperature. Having this constantly on sure is killing it as it didnt have an issue with so much heat in the beginning so I expect it to die one day. Note, that this is known issue with these and there are guides how to fix it - drilling holes into the casing of the stick so that the air passes through. Otherwise",0.81845933,0.16252683,0.019013884,-0.79944545,negative,True
5.0,Rocks,Must have,[],B00ZV9RDKK,B075X8471B,AHYWCBIME5LHRITHRBQZM57OIYMA,1487184325000,0,True,2017-02-15 18:45:25.000,2017,2017-02,Must have,Must have,0.033336826,0.40918082,0.55748236,0.52414554,positive,False
5.0,Love this little gizmo,"I bought the Fire TV Stick to use with an echo, just because. My TV is a pretty good, but older smart TV, and was really frustrating when it came to streaming services because it was so slow to respond. Still, it worked, Netflix and Prime played just fine. But I am blown away by the Fire TV stick. It is almost instant service and has a wide variety of services unavailable on my old TV. I love this little, easy to install gizmo. And while Alexa is not always perfect, I enjoy telling it to find stuff on the Fire TV Stick. But if you can only get one, get the Fire TV stick.",[],B00ZV9RDKK,B075X8471B,AGZS6TJZBVRVOYW7VNL5UKBW3W7A,1526996176605,0,True,2018-05-22 13:36:16.605,2018,2018-05,"I bought the Fire TV Stick to use with an echo, just because. My TV is a pretty good, but older smart TV, and was really frustrating when it came to streaming services because it was so slow to respond. Still, it worked, Netflix and Prime played just fine. But I am blown away by the Fire TV stick. It is almost instant service and has a wide variety of services unavailable on my old TV. I love this little, easy to install gizmo. And while Alexa is not always perfect, I enjoy telling it to find stuff on the Fire TV Stick. But if you can only get one, get the Fire TV stick.","I bought the Fire TV Stick to use with an echo, just because. My TV is a pretty good, but older smart TV, and was really frustrating when it came to streaming services because it was so slow to respond. Still, it worked, Netflix and Prime played just fine. But I am blown away by the Fire TV stick. It is almost instant service and has a wide variety of services unavailable on my old TV. I love this little, easy to install gizmo. And while Alexa is not always perfect, I enjoy telling it to find stuff on the",0.092552535,0.21759365,0.68985385,0.5973013,positive,False
5.0,Quick and easy,"Easy to setup and use and tons of shows to watch.  Alexa is a nice feature, but not absolutely necessary.",[],B00ZV9RDKK,B075X8471B,AG2QZILXO6OUH4Z5XXTI6JNPKTBA,1532651676456,0,True,2018-07-27 00:34:36.456,2018,2018-07,"Easy to setup and use and tons of shows to watch. Alexa is a nice feature, but not absolutely necessary.","Easy to setup and use and tons of shows to watch. Alexa is a nice feature, but not absolutely necessary.",0.029987782,0.33004826,0.639964,0.6099762,positive,False
4.0,My smart tv - (ha) Samsung that had the HBo GO ...,I  am probably the only one - that bought this device - just to get HBO-GO.  The rest I don't care much about.  I've been getting the Amazon icon to open on my sony blu ray player = all along.  My smart tv - (ha) Samsung that had the HBo GO icon loaded on it vanished and the tech tells me my 6 year old TV is &#34;old&#34; and they removed the icon for security purposes (go figure).  Long story about nothing - but buying the fire stick was for the utility of the HBOGO app..  It works fine.  Maybe over time - I'll find something else that I would like of this device.,[],B00ZV9RDKK,B075X8471B,AGUYJGNMRRCTGLIPPUUDV5EE3FKQ,1485956594000,0,True,2017-02-01 13:43:14.000,2017,2017-02,I am probably the only one - that bought this device - just to get HBO-GO. The rest I don't care much about. I've been getting the Amazon icon to open on my sony blu ray player = all along. My smart tv - (ha) Samsung that had the HBo GO icon loaded on it vanished and the tech tells me my 6 year old TV is &#34;old&#34; and they removed the icon for security purposes (go figure). Long story about nothing - but buying the fire stick was for the utility of the HBOGO app.. It works fine. Maybe over time - I'll find something else that I would like of this device.,I am probably the only one - that bought this device - just to get HBO-GO. The rest I don't care much about. I've been getting the Amazon icon to open on my sony blu ray player = all along. My smart tv - (ha) Samsung that had the HBo GO icon loaded on it vanished and the tech tells me my 6 year old TV is &#34;old&#34; and they removed the icon for security purposes (go figure). Long story about nothing - but buying the fire stick was for the utility of the HBOGO app.. It works fine. Maybe,0.47253716,0.46821812,0.059244707,-0.41329247,negative,True
5.0,"the servers, and the system is very very good...","but only because of the K word. you must know to hack this for the same star rating.<br />Out of the box it a 2 star device.<br />if you don't know the K word, buy a Roku, that is the best consumer video box without any hacks.",[],B00ZV9RDKK,B075X8471B,AEOB5VGRIXRAESCT3PW2E2EROWWQ,1492209363000,0,True,2017-04-14 22:36:03.000,2017,2017-04,"but only because of the K word. you must know to hack this for the same star rating. Out of the box it a 2 star device. if you don't know the K word, buy a Roku, that is the best consumer video box without any hacks.","but only because of the K word. you must know to hack this for the same star rating. Out of the box it a 2 star device. if you don't know the K word, buy a Roku, that is the best consumer video box without any hacks.",0.22733581,0.4049396,0.3677246,0.14038879,neutral,True
3.0,including some very fun games and streaming apps,"The Fire Stick has lots of apps available, including some very fun games and streaming apps. However, the UI is incredibly sluggish. I appreciate the options this dongle provides, but the wait required to get something started stretches everyone's patience.",[],B00ZV9RDKK,B075X8471B,AGWEE7ESTIXD57AVSJTLJYRI2RLA,1511727127139,1,True,2017-11-26 20:12:07.139,2017,2017-11,"The Fire Stick has lots of apps available, including some very fun games and streaming apps. However, the UI is incredibly sluggish. I appreciate the options this dongle provides, but the wait required to get something started stretches everyone's patience.","The Fire Stick has lots of apps available, including some very fun games and streaming apps. However, the UI is incredibly sluggish. I appreciate the options this dongle provides, but the wait required to get something started stretches everyone's patience.",0.51362795,0.29114506,0.19522698,-0.31840098,negative,False
4.0,"Good, basic device for streaming Amazon content.",I bought this to replace my original Fire TV Stick as that was slogging. It's great for playing Amazon content and as a supplement to my Apple TV. Major shortcoming is that I need to use another remote to control volume and turn my TV and Receiver on and off. Very silly in this day and age. Haven't done much with Alexa but will play with that and update. Would live to see my Amazon content via my Apple TV but that will probably require Jeff Bezos and Tim Cook to cooperate with each other which would probably revolutionize how we watch and listen to content.,[],B00ZV9RDKK,B075X8471B,AGIWQMQ3ERY25U7UCQ2LUU56AHJA,1480450337000,0,True,2016-11-29 20:12:17.000,2016,2016-11,I bought this to replace my original Fire TV Stick as that was slogging. It's great for playing Amazon content and as a supplement to my Apple TV. Major shortcoming is that I need to use another remote to control volume and turn my TV and Receiver on and off. Very silly in this day and age. Haven't done much with Alexa but will play with that and update. Would live to see my Amazon content via my Apple TV but that will probably require Jeff Bezos and Tim Cook to cooperate with each other which would probably revolutionize how we watch and listen to content.,I bought this to replace my original Fire TV Stick as that was slogging. It's great for playing Amazon content and as a supplement to my Apple TV. Major shortcoming is that I need to use another remote to control volume and turn my TV and Receiver on and off. Very silly in this day and age. Haven't done much with Alexa but will play with that and update. Would live to see my Amazon content via my Apple TV but that will probably require Jeff Bezos and Tim Cook to cooperate with each other which would probably revolutionize how,0.04274756,0.21269199,0.7445604,0.70181286,positive,False
5.0,Five Stars,DELIVERED AS PROMISED,[],B00ZV9RDKK,B075X8471B,AFUS752C3BZJFWOQLB4R52DWFCFA,1484018333000,0,True,2017-01-10 03:18:53.000,2017,2017-01,DELIVERED AS PROMISED,DELIVERED AS PROMISED,0.07249852,0.74983835,0.17766313,0.10516461,neutral,True
3.0,"the Fire TV Stick is great, but we have had so many failures with ...","When it works, the Fire TV Stick is great, but we have had so many failures with it, we are hesitant to get another one.  Having said that, I will try it one more time hoping that the last one was a lemon.  Stay tuned.",[],B00ZV9RDKK,B075X8471B,AGRHCZJNNXERWEDGITSU66A7QUUQ,1530642858138,0,True,2018-07-03 18:34:18.138,2018,2018-07,"When it works, the Fire TV Stick is great, but we have had so many failures with it, we are hesitant to get another one. Having said that, I will try it one more time hoping that the last one was a lemon. Stay tuned.","When it works, the Fire TV Stick is great, but we have had so many failures with it, we are hesitant to get another one. Having said that, I will try it one more time hoping that the last one was a lemon. Stay tuned.",0.3771944,0.2899562,0.33284935,-0.04434505,negative,False
3.0,Stick: 5 Alexa useless,"The Alexa is relatively useless. It usually doesn’t get me what I want and for some reason whenever I use it, the whole system kind of shuts down and I have to disconnect it from the power. The stick itself works fine with the remote, just don’t use the Alexa, it’s the worst.",[],B00ZV9RDKK,B075X8471B,AGWUU7VYMX4WJ6HOYM6D43F3US6A,1517057069691,0,True,2018-01-27 12:44:29.691,2018,2018-01,"The Alexa is relatively useless. It usually doesn’t get me what I want and for some reason whenever I use it, the whole system kind of shuts down and I have to disconnect it from the power. The stick itself works fine with the remote, just don’t use the Alexa, it’s the worst.","The Alexa is relatively useless. It usually doesn’t get me what I want and for some reason whenever I use it, the whole system kind of shuts down and I have to disconnect it from the power. The stick itself works fine with the remote, just don’t use the Alexa, it’s the worst.",0.9393416,0.054694794,0.005963596,-0.933378,negative,False
4.0,okay product,Was what I expected,[],B00ZV9RDKK,B075X8471B,AF5RD5LF2O5L6GGUPDEHWQZRDAWA,1547683115144,0,True,2019-01-16 23:58:35.144,2019,2019-01,Was what I expected,Was what I expected,0.14027725,0.68409944,0.17562325,0.035346,neutral,True
5.0,Easy set up,"Works just fine. No issues, easy set up.",[],B00ZV9RDKK,B075X8471B,AHACOMRM6QYL3LCZDAAODFSU2MAQ,1516052722103,0,True,2018-01-15 21:45:22.103,2018,2018-01,"Works just fine. No issues, easy set up.","Works just fine. No issues, easy set up.",0.008851389,0.07536825,0.9157804,0.906929,positive,False
5.0,Great quality and all work.,We used right away no issues,[],B00ZV9RDKK,B075X8471B,AENZHWXESGMWW2NRAIBWWAO2AABA,1551357544935,0,True,2019-02-28 12:39:04.935,2019,2019-02,We used right away no issues,We used right away no issues,0.024155132,0.46474856,0.5110963,0.48694116,positive,False
2.0,Loses connection and won't reconnect,Disconnects from wifi all of the time. Have to unplug and restart to get it to reconnect. I have used old Roku boxes for years with little problem. We have to restart these at least once a day.,[],B00ZV9RDKK,B075X8471B,AFNS5D7Q66EQPPLNEZHXBOUREOTQ,1540094220173,0,True,2018-10-21 03:57:00.173,2018,2018-10,Disconnects from wifi all of the time. Have to unplug and restart to get it to reconnect. I have used old Roku boxes for years with little problem. We have to restart these at least once a day.,Disconnects from wifi all of the time. Have to unplug and restart to get it to reconnect. I have used old Roku boxes for years with little problem. We have to restart these at least once a day.,0.4499956,0.47026223,0.07974216,-0.37025344,neutral,False
5.0,Super easy to use,Super easy to use.  Love using it with our projector for outside movies.  Brought with us on a trip and other than some buffering (due to the hotel WiFi) it worked great.,[],B00ZV9RDKK,B075X8471B,AFD5UO3NJECCPNQBSEAXIKGPLOZA,1507812087690,0,True,2017-10-12 12:41:27.690,2017,2017-10,Super easy to use. Love using it with our projector for outside movies. Brought with us on a trip and other than some buffering (due to the hotel WiFi) it worked great.,Super easy to use. Love using it with our projector for outside movies. Brought with us on a trip and other than some buffering (due to the hotel WiFi) it worked great.,0.00254664,0.012819783,0.9846335,0.98208684,positive,False
5.0,Five Stars,Nice device for watching movies and shows,[],B00ZV9RDKK,B075X8471B,AGMOP4C37AT3AWWSTHM67A5GY76Q,1489351403000,0,True,2017-03-12 20:43:23.000,2017,2017-03,Nice device for watching movies and shows,Nice device for watching movies and shows,0.0056644874,0.11380348,0.8805321,0.8748676,positive,False
2.0,New one is glitchy,The remote makes weird noises from microphone. I have to restart my firestick frequently and it has an extremely hard time connecting to WiFi and drops constantly. I prefer my old firestick.,[],B00ZV9RDKK,B075X8471B,AFD262LOMVHSAQVVGQJLVA5ZGO7Q,1537411226893,0,True,2018-09-20 02:40:26.893,2018,2018-09,The remote makes weird noises from microphone. I have to restart my firestick frequently and it has an extremely hard time connecting to WiFi and drops constantly. I prefer my old firestick.,The remote makes weird noises from microphone. I have to restart my firestick frequently and it has an extremely hard time connecting to WiFi and drops constantly. I prefer my old firestick.,0.878429,0.10881338,0.012757575,-0.8656714,negative,False
5.0,Great buy,Great buy,[],B00ZV9RDKK,B075X8471B,AGJL2WBSZGASTX5GQFJWZMFVW7QA,1546235052532,0,True,2018-12-31 05:44:12.532,2018,2018-12,Great buy,Great buy,0.025985673,0.08189619,0.8921181,0.86613244,positive,False
5.0,Great Product,"Someone in our family uses it every day. Works great. Remote doesn't ""eat"" batteries like I thought it may.",[],B00ZV9RDKK,B075X8471B,AGN7YXPY3S2CTS64G6ZZ644XEXPA,1563667190407,0,True,2019-07-20 23:59:50.407,2019,2019-07,"Someone in our family uses it every day. Works great. Remote doesn't ""eat"" batteries like I thought it may.","Someone in our family uses it every day. Works great. Remote doesn't ""eat"" batteries like I thought it may.",0.0083673205,0.07681923,0.91481346,0.90644616,positive,False
5.0,Great value!,Love! Easy to use.,[],B00ZV9RDKK,B075X8471B,AGK36RA2CQMMVPK5XAQAXIZ6YN4Q,1547578132721,0,False,2019-01-15 18:48:52.721,2019,2019-01,Love! Easy to use.,Love! Easy to use.,0.006188474,0.013192524,0.98061895,0.9744305,positive,False
5.0,LIKE IT,GREAT LITTLE INVENTION TO ADD TO YOUR TV,[],B00ZV9RDKK,B075X8471B,AG3MFNIJZQ56XU7ZMWANG3733XCQ,1513870977639,0,True,2017-12-21 15:42:57.639,2017,2017-12,GREAT LITTLE INVENTION TO ADD TO YOUR TV,GREAT LITTLE INVENTION TO ADD TO YOUR TV,0.006896756,0.056882154,0.93622106,0.9293243,positive,False
5.0,Five Stars,Love it! and I wish I had gotten it sooner.  This is easy to install and use.,[],B00ZV9RDKK,B075X8471B,AE474ILGKJLOGREYUFODHWHYNOKQ,1505492299735,0,True,2017-09-15 16:18:19.735,2017,2017-09,Love it! and I wish I had gotten it sooner. This is easy to install and use.,Love it! and I wish I had gotten it sooner. This is easy to install and use.,0.0043194583,0.010094821,0.98558575,0.9812663,positive,False
3.0,"It gave me a smart TV again, BUT......","The FTV Stick is OK but it does lack some functionality. It works with a USB hub and works with external Mouse and Keyboard, MicroSD and Flash Drives but does not support a USB HDD (NTFS).<br /><br />The Options/Menu button on the Alexa Voice Remote would not work, but Amazon is sending a replacement remote!<br /><br />With a 3 port USB Hub I added a Logitech K400 Plus Keyboard/Touchpad which works well. It also works OK with a USB Flash drive and MicroSD reader, all plugged into the USB Hub simultaneously.<br /><br />The biggest disappointment is that it will only recognize a FAT32 formatted hard drive. I reformatted a WD Elements 500GB NTFS drive to FAT32 and it does recognize the entire 500GB, but it keeps unmounting the drive. I added external power to the drive but it did not help.<br /><br />The 8GB internal storage is marginal. I only have a few apps loaded and will need additional storage shortly. The Fire TV Box had the SD card slot built in! It appears they have taken the design backwards.<br /><br />I still have a few more days to decide if I want to keep this.<br /><br />[[ASIN:B00LTHBCNM Micro Usb HUB Adaptor with Power, Kirin 3-Port Charging OTG Host Cable Cord Adapter for Fire TV Stick , Raspberry Pi 2 3 Pi Zero Android Smart Phone Tablet Samsung Galaxy HTC Sony Google LG / Linux]]",[],B00ZV9RDKK,B075X8471B,AE4YWZNDJSYO2LFD2CNGAM6P4WXA,1525443948663,5,True,2018-05-04 14:25:48.663,2018,2018-05,"The FTV Stick is OK but it does lack some functionality. It works with a USB hub and works with external Mouse and Keyboard, MicroSD and Flash Drives but does not support a USB HDD (NTFS). The Options/Menu button on the Alexa Voice Remote would not work, but Amazon is sending a replacement remote! With a 3 port USB Hub I added a Logitech K400 Plus Keyboard/Touchpad which works well. It also works OK with a USB Flash drive and MicroSD reader, all plugged into the USB Hub simultaneously. The biggest disappointment is that it will only recognize a FAT32 formatted hard drive. I reformatted a WD Elements 500GB NTFS drive to FAT32 and it does recognize the entire 500GB, but it keeps unmounting the drive. I added external power to the drive but it did not help. The 8GB internal storage is marginal. I only have a few apps loaded and will need additional storage shortly. The Fire TV Box had the SD card slot built in! It appears they have taken the design backwards. I still have a few more days to decide if I want to keep this. [[ASIN:B00LTHBCNM Micro Usb HUB Adaptor with Power, Kirin 3-Port Charging OTG Host Cable Cord Adapter for Fire TV Stick , Raspberry Pi 2 3 Pi Zero Android Smart Phone Tablet Samsung Galaxy HTC Sony Google LG / Linux]]","The FTV Stick is OK but it does lack some functionality. It works with a USB hub and works with external Mouse and Keyboard, MicroSD and Flash Drives but does not support a USB HDD (NTFS). The Options/Menu button on the Alexa Voice Remote would not work, but Amazon is sending a replacement remote! With a 3 port USB Hub I added a Logitech K400 Plus Keyboard/Touchpad which works well. It also works OK with a USB Flash drive and MicroSD reader, all plugged into the USB Hub simultaneously. The biggest disappointment is that it will only recognize a FAT32",0.54036653,0.4069624,0.052671123,-0.4876954,negative,False
5.0,Speedy & Simple,"It is a,lot quicker to use the apps on the stick versus the apps on the Wi-Fi Blu-ray player.",[],B00ZV9RDKK,B075X8471B,AFDJXGG6WWI7K5IOLL5WF7NAFSGQ,1538967067073,0,True,2018-10-08 02:51:07.073,2018,2018-10,"It is a,lot quicker to use the apps on the stick versus the apps on the Wi-Fi Blu-ray player.","It is a,lot quicker to use the apps on the stick versus the apps on the Wi-Fi Blu-ray player.",0.008687871,0.31993186,0.6713802,0.66269237,positive,False
5.0,If you love movies you will love this stick,This is great for watching movies. Wonderful selections,[],B00ZV9RDKK,B075X8471B,AG32Y3MWLXINO743OS64CTVCUSEQ,1489501170000,1,True,2017-03-14 14:19:30.000,2017,2017-03,This is great for watching movies. Wonderful selections,This is great for watching movies. Wonderful selections,0.003180437,0.013208645,0.9836109,0.9804305,positive,False
2.0,Not reliable,"I've replaced this a few times.  It seems to go bad as soon as amazon's warranty is over then they want you to buy a new one that last a few months.  If you call tech support about this  issue, they seem to know about it.  Not sure why they sale this it's very frustrating to have to reset amazon constantly and then redo every app with passwords, signing in , registering, etc.  If I knew that I wouldn't have gotten rid of my cable company.  Also amazon shows no local new or shows so keep this in mind.  I still use mine, it's just frustrating to deal with every few weeks.",[],B00ZV9RDKK,B075X8471B,AHVHP2Y7BNP3N724UYCONPU74FRQ,1510753579046,1,True,2017-11-15 13:46:19.046,2017,2017-11,"I've replaced this a few times. It seems to go bad as soon as amazon's warranty is over then they want you to buy a new one that last a few months. If you call tech support about this issue, they seem to know about it. Not sure why they sale this it's very frustrating to have to reset amazon constantly and then redo every app with passwords, signing in , registering, etc. If I knew that I wouldn't have gotten rid of my cable company. Also amazon shows no local new or shows so keep this in mind. I still use mine, it's just frustrating to deal with every few weeks.","I've replaced this a few times. It seems to go bad as soon as amazon's warranty is over then they want you to buy a new one that last a few months. If you call tech support about this issue, they seem to know about it. Not sure why they sale this it's very frustrating to have to reset amazon constantly and then redo every app with passwords, signing in , registering, etc. If I knew that I wouldn't have gotten rid of my cable company. Also amazon shows no local new or shows so keep this in mind. I",0.867224,0.12371966,0.009056399,-0.8581676,negative,False
5.0,Happy Son,Works great!  Son is super happy with it and way better than having to buy him a new TV lol,[],B00ZV9RDKK,B075X8471B,AFEFAZMIO3A6PPF7EJN6YNMWR34A,1547095235380,0,True,2019-01-10 04:40:35.380,2019,2019-01,Works great! Son is super happy with it and way better than having to buy him a new TV lol,Works great! Son is super happy with it and way better than having to buy him a new TV lol,0.003227618,0.0108781485,0.9858942,0.9826666,positive,False
5.0,It gives you more than just movies,"WIth all the add on apps there are more places and viewing than a person has time for.  I am so thrilled with the Firestick.  I am able to view things that I wanted and just need internet.  I am tired of high prices and Fisrestick is just what I needed.  You can buy add-ons if you want, but as for me this is all I ever wanted or need It took me a while to try the  Alexa feature and my goodnes what I was missing.  It finds shows and movies for me quicker than having to type in every letter just right to search. Great job and thank you Amazon Firestick.",[],B00ZV9RDKK,B075X8471B,AHTVTO5RLCIYPMKKULSJJHVPU5PQ,1561038914124,0,True,2019-06-20 13:55:14.124,2019,2019-06,"WIth all the add on apps there are more places and viewing than a person has time for. I am so thrilled with the Firestick. I am able to view things that I wanted and just need internet. I am tired of high prices and Fisrestick is just what I needed. You can buy add-ons if you want, but as for me this is all I ever wanted or need It took me a while to try the Alexa feature and my goodnes what I was missing. It finds shows and movies for me quicker than having to type in every letter just right to search. Great job and thank you Amazon Firestick.","WIth all the add on apps there are more places and viewing than a person has time for. I am so thrilled with the Firestick. I am able to view things that I wanted and just need internet. I am tired of high prices and Fisrestick is just what I needed. You can buy add-ons if you want, but as for me this is all I ever wanted or need It took me a while to try the Alexa feature and my goodnes what I was missing. It finds shows and movies for me quicker than having to type in",0.016320778,0.06283245,0.92084676,0.904526,positive,False
5.0,I love it. My plan is to stop cable TV ...,"This has more options than the first one, I think.  I love it.  My plan is to stop cable TV altogether, and stream programs that I want to see.",[],B00ZV9RDKK,B075X8471B,AGXCHND2PQ4BCHN2WLQQAGRGJV6Q,1481396436000,0,True,2016-12-10 19:00:36.000,2016,2016-12,"This has more options than the first one, I think. I love it. My plan is to stop cable TV altogether, and stream programs that I want to see.","This has more options than the first one, I think. I love it. My plan is to stop cable TV altogether, and stream programs that I want to see.",0.0050879796,0.036933504,0.95797855,0.9528906,positive,False
5.0,Best streaming device I've used.,"So much faster than my previous version. I've purchased two of these. The voice search feature needs some work. It will find things just fine through the home screen using Alexa, unless you're on the search menu and trying to input your search terms with your voice. Still, a five star product.",[],B00ZV9RDKK,B075X8471B,AHESFRF7DEBJIPYF75G7JSAJPHSQ,1514178325579,0,True,2017-12-25 05:05:25.579,2017,2017-12,"So much faster than my previous version. I've purchased two of these. The voice search feature needs some work. It will find things just fine through the home screen using Alexa, unless you're on the search menu and trying to input your search terms with your voice. Still, a five star product.","So much faster than my previous version. I've purchased two of these. The voice search feature needs some work. It will find things just fine through the home screen using Alexa, unless you're on the search menu and trying to input your search terms with your voice. Still, a five star product.",0.010459327,0.07650241,0.9130382,0.9025789,positive,False
5.0,Handy for travel!,"Taking some getting used to but so far, this is fabulous!",[],B00ZV9RDKK,B075X8471B,AHVOUZ7VOG4B56FZPXJXMBPGV3VA,1522778845518,0,True,2018-04-03 18:07:25.518,2018,2018-04,"Taking some getting used to but so far, this is fabulous!","Taking some getting used to but so far, this is fabulous!",0.004242814,0.021433584,0.97432363,0.9700808,positive,False
5.0,Easy remote to use,I love this- makes watching TV so easy.  I would recommend this for sure!,[],B00ZV9RDKK,B075X8471B,AHVCJIR3YEOTGMZ5EX5ELHL36XIA,1519574307253,0,True,2018-02-25 15:58:27.253,2018,2018-02,I love this- makes watching TV so easy. I would recommend this for sure!,I love this- makes watching TV so easy. I would recommend this for sure!,0.0028645801,0.00680221,0.99033326,0.98746866,positive,False
5.0,great item.,"Thank you, great item.",[],B00ZV9RDKK,B075X8471B,AGY4BIIYPFMVH7NEXQEZXBKGTGYQ,1515526633446,0,True,2018-01-09 19:37:13.446,2018,2018-01,"Thank you, great item.","Thank you, great item.",0.0076046633,0.017662182,0.9747331,0.96712846,positive,False
5.0,Five Stars,"It's great,and easy to use",[],B00ZV9RDKK,B075X8471B,AH2L35P7VJMSTSFJREIARMINL7NA,1505666268231,0,True,2017-09-17 16:37:48.231,2017,2017-09,"It's great,and easy to use","It's great,and easy to use",0.0052496814,0.014609431,0.98014086,0.9748912,positive,False
5.0,Five Stars,"Great alternative for movies,etc.",[],B00ZV9RDKK,B075X8471B,AHSPKHRVQZM3MZ4TCHKWAZEJBO7A,1482094618000,0,True,2016-12-18 20:56:58.000,2016,2016-12,"Great alternative for movies,etc.","Great alternative for movies,etc.",0.005383623,0.059617553,0.93499875,0.92961514,positive,False
5.0,Firestick with Alexa,This was a gift for my granddaughter! She loves it. Bought another one for myself too!,[],B00ZV9RDKK,B075X8471B,AHPC64W66R4U3FS5HYZTGTBLZO7A,1515628420320,0,True,2018-01-10 23:53:40.320,2018,2018-01,This was a gift for my granddaughter! She loves it. Bought another one for myself too!,This was a gift for my granddaughter! She loves it. Bought another one for myself too!,0.0023834761,0.008784493,0.988832,0.9864485,positive,False
5.0,Elderly drean,"It's wonderful, it eliminated trying to see Netflix on my old Nintendo, plus gave me prime movies.  It's simple to use if you are an elderly person.  I like it.",[],B00ZV9RDKK,B075X8471B,AHWNLU4NY5D5A3WAHEIF676OFPPQ,1481066685000,0,True,2016-12-06 23:24:45.000,2016,2016-12,"It's wonderful, it eliminated trying to see Netflix on my old Nintendo, plus gave me prime movies. It's simple to use if you are an elderly person. I like it.","It's wonderful, it eliminated trying to see Netflix on my old Nintendo, plus gave me prime movies. It's simple to use if you are an elderly person. I like it.",0.0061181774,0.041111503,0.9527703,0.9466521,positive,False
5.0,Perfect for Tahoe,"Other devices didn’t work great in our Tahoe, this works perfectly.",[],B00ZV9RDKK,B075X8471B,AF5TZYEYQA5KJAJO7NQ5MV3D6KRQ,1534758726506,0,True,2018-08-20 09:52:06.506,2018,2018-08,"Other devices didn’t work great in our Tahoe, this works perfectly.","Other devices didn’t work great in our Tahoe, this works perfectly.",0.07682467,0.23720369,0.6859716,0.60914695,positive,False
1.0,"Requires strong high speed internet, will not play MLB TV app",Requires strong internet. Weak internet will block any other internet activity. It will also not play the MLB TV app that I really bought the Fire TV stick for! Very frustrating!,[],B00ZV9RDKK,B075X8471B,AFKFL7QPS5LGUBE4KNWIE7AMKQCA,1531888552170,0,True,2018-07-18 04:35:52.170,2018,2018-07,Requires strong internet. Weak internet will block any other internet activity. It will also not play the MLB TV app that I really bought the Fire TV stick for! Very frustrating!,Requires strong internet. Weak internet will block any other internet activity. It will also not play the MLB TV app that I really bought the Fire TV stick for! Very frustrating!,0.88677776,0.09841483,0.014807401,-0.87197036,negative,False
5.0,Five Stars,Great device!! Easy to use and great options w prime for viewing shows!!,[],B00ZV9RDKK,B075X8471B,AEYU4N5IB3LOP4ZKKZ4CHQLUQCTA,1485541563000,0,True,2017-01-27 18:26:03.000,2017,2017-01,Great device!! Easy to use and great options w prime for viewing shows!!,Great device!! Easy to use and great options w prime for viewing shows!!,0.002161732,0.009791116,0.9880471,0.9858854,positive,False
4.0,"Faster than the previous version, but voice is of no value.","Great overall product, however, I did have a problem accessing HBO GO for a couple of weeks. I called Amazon customer service and it seems as if its been taken care of. I have a non-voice Fire Stick also. This one is faster, however, I really don't see the benefits of the voice. I already have the echo dot which I use for voice related services.",[],B00ZV9RDKK,B075X8471B,AGNWIF73NASEPDOUVBKIG3IGXSMQ,1481653525000,0,True,2016-12-13 18:25:25.000,2016,2016-12,"Great overall product, however, I did have a problem accessing HBO GO for a couple of weeks. I called Amazon customer service and it seems as if its been taken care of. I have a non-voice Fire Stick also. This one is faster, however, I really don't see the benefits of the voice. I already have the echo dot which I use for voice related services.","Great overall product, however, I did have a problem accessing HBO GO for a couple of weeks. I called Amazon customer service and it seems as if its been taken care of. I have a non-voice Fire Stick also. This one is faster, however, I really don't see the benefits of the voice. I already have the echo dot which I use for voice related services.",0.43169165,0.39060023,0.17770812,-0.25398353,negative,True
5.0,Great Product,The Fire TV Stick work great.  I have not had any problems.,[],B00ZV9RDKK,B075X8471B,AGTI6TT4EP4P7DDHW2YFFMK7DDPA,1556934957048,0,True,2019-05-04 01:55:57.048,2019,2019-05,The Fire TV Stick work great. I have not had any problems.,The Fire TV Stick work great. I have not had any problems.,0.007194351,0.04781976,0.9449859,0.9377916,positive,False
4.0,Perfect if you don't have cable and enjoy streaming,"The Fire Stick is very easy to install and provides everything that is promised. It does sometimes have a hick-up in the middle of streaming, but it is shorter than a second and does not happen often. The only thing I don't like is that when scrolling through the watchlist one cannot see which movies are  Prime and which ones not. It would be great if there was the &#34;prime banner&#34; as it is on the website. All together it is an awesome device for such little money.",[],B00ZV9RDKK,B075X8471B,AG6ZEIZ7S6EBS55RCQEWKWD7DHIA,1483507876000,0,True,2017-01-04 05:31:16.000,2017,2017-01,"The Fire Stick is very easy to install and provides everything that is promised. It does sometimes have a hick-up in the middle of streaming, but it is shorter than a second and does not happen often. The only thing I don't like is that when scrolling through the watchlist one cannot see which movies are Prime and which ones not. It would be great if there was the &#34;prime banner&#34; as it is on the website. All together it is an awesome device for such little money.","The Fire Stick is very easy to install and provides everything that is promised. It does sometimes have a hick-up in the middle of streaming, but it is shorter than a second and does not happen often. The only thing I don't like is that when scrolling through the watchlist one cannot see which movies are Prime and which ones not. It would be great if there was the &#34;prime banner&#34; as it is on the website. All together it is an awesome device for such little money.",0.026665462,0.17660683,0.7967277,0.77006227,positive,False
5.0,Works like a charm!,I have a smart TV but you have to go through hoops to get to Amazon Prime or Netflix.  This little stick is the charmer.  I am not real tech savvy but I installed it without a hitch.  Love this product,[],B00ZV9RDKK,B075X8471B,AF6NZDW7OUAOWY3AEPQXACVTEBEQ,1535978665222,0,True,2018-09-03 12:44:25.222,2018,2018-09,I have a smart TV but you have to go through hoops to get to Amazon Prime or Netflix. This little stick is the charmer. I am not real tech savvy but I installed it without a hitch. Love this product,I have a smart TV but you have to go through hoops to get to Amazon Prime or Netflix. This little stick is the charmer. I am not real tech savvy but I installed it without a hitch. Love this product,0.015219382,0.07246065,0.91231996,0.89710057,positive,False
5.0,Product as described,Product as described,[],B00ZV9RDKK,B075X8471B,AE5H65NAZCT5LBRKFZUAGRF2TMEA,1541514780262,0,True,2018-11-06 14:33:00.262,2018,2018-11,Product as described,Product as described,0.13074319,0.6311714,0.23808536,0.10734217,neutral,True
5.0,Five Stars,love it,[],B00ZV9RDKK,B075X8471B,AFE7LHPTZ66U2SH36AD4F5JUHFOA,1532542040445,0,True,2018-07-25 18:07:20.445,2018,2018-07,love it,love it,0.027788734,0.13936292,0.83284837,0.8050596,positive,False
5.0,$19.99 how can you go wrong,"I have two of these, they work great!",[],B00ZV9RDKK,B075X8471B,AG763SNG26OHKYCZMCRXQYZ645WA,1538441260886,0,True,2018-10-02 00:47:40.886,2018,2018-10,"I have two of these, they work great!","I have two of these, they work great!",0.002996645,0.009439313,0.987564,0.9845674,positive,False
3.0,Battery dies quick,Update to my original review: this cant keep a battery. It will die after 2 days. Super pain.,[],B00ZV9RDKK,B075X8471B,AGFQPLU6Z3XUHGQQBJF5LNBC6S2A,1565283603977,0,True,2019-08-08 17:00:03.977,2019,2019-08,Update to my original review: this cant keep a battery. It will die after 2 days. Super pain.,Update to my original review: this cant keep a battery. It will die after 2 days. Super pain.,0.9376405,0.054931715,0.007427865,-0.9302126,negative,False
5.0,... so adding a Fire TV Stick with Alexa was fun. Easy to use and Alexa works fine,We already have a Fire TV Stick so adding a Fire TV Stick with Alexa was fun.  Easy to use and Alexa works fine.  I have the Alexa app on my iPhone; the App and the Fire TV Stick (with Alexa) sync up nicely.  Fire TV Sticks are great!,[],B00ZV9RDKK,B075X8471B,AENX7Y3W2OIOIMEBVB3B5PPFF3BQ,1501423090420,0,True,2017-07-30 13:58:10.420,2017,2017-07,We already have a Fire TV Stick so adding a Fire TV Stick with Alexa was fun. Easy to use and Alexa works fine. I have the Alexa app on my iPhone; the App and the Fire TV Stick (with Alexa) sync up nicely. Fire TV Sticks are great!,We already have a Fire TV Stick so adding a Fire TV Stick with Alexa was fun. Easy to use and Alexa works fine. I have the Alexa app on my iPhone; the App and the Fire TV Stick (with Alexa) sync up nicely. Fire TV Sticks are great!,0.0030339854,0.029809859,0.9671562,0.9641222,positive,False
5.0,Five Stars,I asked Alexa made it happened,[],B00ZV9RDKK,B075X8471B,AFJW6SBVDBA7XUDQM6FS4BLUTOAQ,1491175543000,0,True,2017-04-02 23:25:43.000,2017,2017-04,I asked Alexa made it happened,I asked Alexa made it happened,0.027549056,0.86461306,0.10783792,0.080288865,neutral,True
